round_no,gate_id,title,status,prev_status,status_change,detail,fixed_slot,seed,record_md5
PG3-R1,GATE-P2-01,REAL_TREE,PENDING,PENDING,NO_CHANGE,"AL/CU/PB 真实树未就位 (TD002 数据未到, 已知状态): AL=ABSENT; CU=ABSENT; PB=ABSENT",2026-10-10T11:00:00+08:00,42,92f62980ab9c6c59dcedffe9315c2a3e
PG3-R1,GATE-P2-02,WHITELIST,PENDING,PENDING,NO_CHANGE,TD002 白名单未切换 (真实数据就位后按 td002_activate_prep_spec.md 执行切换),2026-10-10T11:00:00+08:00,42,29a8ca8a7c939b2f65f0ee38134e35c5
PG3-R1,GATE-P2-03,PATROL_3D,PENDING,PENDING,NO_CHANGE,达标巡检轮=2/2 轮 (连续 3 日要求; 当前值守日志已累计) (0 稳态告警),2026-10-10T11:00:00+08:00,42,5144155137607842914b87dc06d89bc1
PG3-R1,GATE-P2-04,FR_RISK_7D,PENDING,PENDING,NO_CHANGE,fr_risk_receive_log rows=22 (fixture 链路已验证; 真实 DSHC 转发 7 日 0 丢失待主循环接入),2026-10-10T11:00:00+08:00,42,9a209910482c1787720caf27549f17dc
PG3-R1,GATE-P2-05,CHAIN_4_4,PASS,PASS,NO_CHANGE,CHAIN-001-REPAIRED-1 4/4 match,2026-10-10T11:00:00+08:00,42,da98cd6fbaa14181962ee90794aefdb4
PG3-R1,GATE-P2-06,VOLUME_ROTATION,PASS,PASS,NO_CHANGE,ME-04 轮转就绪: active vol 0001 max_rows=89 (<1000); 旧卷 csv=1 ro=1/1,2026-10-10T11:00:00+08:00,42,c0afb1ab2d6d9400a1cf30f49760094e
PG3-R1,GATE-P2-07,REAL_REPLAY,PASS,PASS,NO_CHANGE,real 模式三品种 dry-run 3 / 3 PASS (RISK-01/02 关闭逻辑就绪; 真实回放待 TD002 数据),2026-10-10T11:00:00+08:00,42,dd34677d8ebd9446310cbcc2b331bc12
PG3-R1,GATE-P2-08,FROZEN_RECHECK,PASS,PASS,NO_CHANGE,LOCK 4/4; 投产类告警=0 (要求 0); SI 依 TD014 单独解除,2026-10-10T11:00:00+08:00,42,52edcc60487e157e9cceb34b47a81d54
PG3-R1,GATE-P2-09,J21_RECHECK,PASS,PASS,NO_CHANGE,"K11/K12 复核完成: AL mult=5 size=5t A=5.0/8.0; CU mult=5 size=5t A=6.0/9.0; PB mult=5 size=5t A=5.0/8.0 (SEALED 生效; 联网原文二次核验待主循环新槽位, 详见 j21_contract_recheck_record.md)",2026-10-10T11:00:00+08:00,42,d55e2f9902bb757a717a8c1e6fddbc70
PG3-R1,GATE-P2-10,PERF,PASS,PASS,NO_CHANGE,单轮 37 项检查耗时 0.07s (<60s J14 线),2026-10-10T11:00:00+08:00,42,864ca65abcee27a730be942d69046f28
PG3-R2,GATE-P2-01,REAL_TREE,PENDING,PENDING,NO_CHANGE,"AL/CU/PB 真实树未就位 (TD002 数据未到, 已知状态): AL=ABSENT; CU=ABSENT; PB=ABSENT",2026-10-10T11:15:00+08:00,42,5f8316d80e9a50d70ed26bb1cda94823
PG3-R2,GATE-P2-02,WHITELIST,PENDING,PENDING,NO_CHANGE,TD002 白名单未切换 (真实数据就位后按 td002_activate_prep_spec.md 执行切换),2026-10-10T11:15:00+08:00,42,e94cb989037621f09034b223730a8cd9
PG3-R2,GATE-P2-03,PATROL_3D,PENDING,PENDING,NO_CHANGE,达标巡检轮=2/2 轮 (连续 3 日要求; 当前值守日志已累计) (0 稳态告警),2026-10-10T11:15:00+08:00,42,32305c35ee056d27141e5432ec72c67a
PG3-R2,GATE-P2-04,FR_RISK_7D,PENDING,PENDING,NO_CHANGE,fr_risk_receive_log rows=22 (fixture 链路已验证; 真实 DSHC 转发 7 日 0 丢失待主循环接入),2026-10-10T11:15:00+08:00,42,2cf19bd2c2ba2aa593450590d41e2564
PG3-R2,GATE-P2-05,CHAIN_4_4,PASS,PASS,NO_CHANGE,CHAIN-001-REPAIRED-1 4/4 match,2026-10-10T11:15:00+08:00,42,547de4597202035d4dc82ba3ad651649
PG3-R2,GATE-P2-06,VOLUME_ROTATION,PASS,PASS,NO_CHANGE,ME-04 轮转就绪: active vol 0001 max_rows=89 (<1000); 旧卷 csv=1 ro=1/1,2026-10-10T11:15:00+08:00,42,9812e25fdcaa484b529a11768ac745cd
PG3-R2,GATE-P2-07,REAL_REPLAY,PASS,PASS,NO_CHANGE,real 模式三品种 dry-run 3 / 3 PASS (RISK-01/02 关闭逻辑就绪; 真实回放待 TD002 数据),2026-10-10T11:15:00+08:00,42,810da189d3ef485bb4dd7777cd9d1635
PG3-R2,GATE-P2-08,FROZEN_RECHECK,PASS,PASS,NO_CHANGE,LOCK 4/4; 投产类告警=0 (要求 0); SI 依 TD014 单独解除,2026-10-10T11:15:00+08:00,42,ae0580dd5701cf865fe5729ae02c2609
PG3-R2,GATE-P2-09,J21_RECHECK,PASS,PASS,NO_CHANGE,"K11/K12 复核完成: AL mult=5 size=5t A=5.0/8.0; CU mult=5 size=5t A=6.0/9.0; PB mult=5 size=5t A=5.0/8.0 (SEALED 生效; 联网原文二次核验待主循环新槽位, 详见 j21_contract_recheck_record.md)",2026-10-10T11:15:00+08:00,42,5bcc9636d1a42b6808d885a4faa751f9
PG3-R2,GATE-P2-10,PERF,PASS,PASS,NO_CHANGE,单轮 37 项检查耗时 0.06s (<60s J14 线),2026-10-10T11:15:00+08:00,42,618abe61f7c935ddc2521b6601b8033d
PG3-R3,GATE-P2-01,REAL_TREE,PENDING,PENDING,NO_CHANGE,"AL/CU/PB 真实树未就位 (TD002 数据未到, 已知状态): AL=ABSENT; CU=ABSENT; PB=ABSENT",2026-10-10T11:30:00+08:00,42,95d4a45baefbc6434bb4cb92a57a05a4
PG3-R3,GATE-P2-02,WHITELIST,PENDING,PENDING,NO_CHANGE,TD002 白名单未切换 (真实数据就位后按 td002_activate_prep_spec.md 执行切换),2026-10-10T11:30:00+08:00,42,d1700dab03008b5ee257d779dd089901
PG3-R3,GATE-P2-03,PATROL_3D,PENDING,PENDING,NO_CHANGE,达标巡检轮=2/2 轮 (连续 3 日要求; 当前值守日志已累计) (0 稳态告警),2026-10-10T11:30:00+08:00,42,4a98a792026a75bbdad187524139cccb
PG3-R3,GATE-P2-04,FR_RISK_7D,PENDING,PENDING,NO_CHANGE,fr_risk_receive_log rows=22 (fixture 链路已验证; 真实 DSHC 转发 7 日 0 丢失待主循环接入),2026-10-10T11:30:00+08:00,42,2232fdc9f1749d0cdfd4fd35481b73f5
PG3-R3,GATE-P2-05,CHAIN_4_4,PASS,PASS,NO_CHANGE,CHAIN-001-REPAIRED-1 4/4 match,2026-10-10T11:30:00+08:00,42,2495939348f30ca0336f1f8d75bacaf7
PG3-R3,GATE-P2-06,VOLUME_ROTATION,PASS,PASS,NO_CHANGE,ME-04 轮转就绪: active vol 0001 max_rows=89 (<1000); 旧卷 csv=1 ro=1/1,2026-10-10T11:30:00+08:00,42,e9a95b52bc5ea2a67d3ee8c98be72a25
PG3-R3,GATE-P2-07,REAL_REPLAY,PASS,PASS,NO_CHANGE,real 模式三品种 dry-run 3 / 3 PASS (RISK-01/02 关闭逻辑就绪; 真实回放待 TD002 数据),2026-10-10T11:30:00+08:00,42,d2a47e856f75507c4f0488c7b7919fe3
PG3-R3,GATE-P2-08,FROZEN_RECHECK,PASS,PASS,NO_CHANGE,LOCK 4/4; 投产类告警=0 (要求 0); SI 依 TD014 单独解除,2026-10-10T11:30:00+08:00,42,23f8e34d698d4c8b7c7c55384c42204a
PG3-R3,GATE-P2-09,J21_RECHECK,PASS,PASS,NO_CHANGE,"K11/K12 复核完成: AL mult=5 size=5t A=5.0/8.0; CU mult=5 size=5t A=6.0/9.0; PB mult=5 size=5t A=5.0/8.0 (SEALED 生效; 联网原文二次核验待主循环新槽位, 详见 j21_contract_recheck_record.md)",2026-10-10T11:30:00+08:00,42,7d7e3a4047cf77ddc513b0b212ce5f09
PG3-R3,GATE-P2-10,PERF,PASS,PASS,NO_CHANGE,单轮 37 项检查耗时 0.06s (<60s J14 线),2026-10-10T11:30:00+08:00,42,3157499dab1ea6761dcae2f5055c35a1
PG4-R1,GATE-P2-01,REAL_TREE,PENDING,PENDING,NO_CHANGE,"AL/CU/PB 真实树未就位 (TD002 数据未到, 已知状态): AL=ABSENT; CU=ABSENT; PB=ABSENT",2026-10-12T14:00:00+08:00,42,c130e2a7467153897260be7594039aca
PG4-R1,GATE-P2-02,WHITELIST,PENDING,PENDING,NO_CHANGE,TD002 白名单未切换 (真实数据就位后按 td002_activate_prep_spec.md 执行切换),2026-10-12T14:00:00+08:00,42,13740ee73cdbecd0b2947177ecbb1218
PG4-R1,GATE-P2-03,PATROL_3D,PENDING,PENDING,NO_CHANGE,达标巡检轮=2/2 轮 (连续 3 日要求; 当前值守日志已累计) (0 稳态告警),2026-10-12T14:00:00+08:00,42,25a33133994887b9cc89434cf1af6f09
PG4-R1,GATE-P2-04,FR_RISK_7D,PENDING,PENDING,NO_CHANGE,fr_risk_receive_log rows=24 (fixture 链路已验证; 真实 DSHC 转发 7 日 0 丢失待主循环接入),2026-10-12T14:00:00+08:00,42,4c4ccbaedba994010696040bea11fcf9
PG4-R1,GATE-P2-05,CHAIN_4_4,PASS,PASS,NO_CHANGE,CHAIN-001-REPAIRED-1 4/4 match,2026-10-12T14:00:00+08:00,42,ee8503501f15f7e9c8939e542936701e
PG4-R1,GATE-P2-06,VOLUME_ROTATION,PASS,PASS,NO_CHANGE,ME-04 轮转就绪: active vol 0001 max_rows=89 (<1000); 旧卷 csv=1 ro=1/1,2026-10-12T14:00:00+08:00,42,16f360d837f4168eca3c7df5b6e222ff
PG4-R1,GATE-P2-07,REAL_REPLAY,PASS,PASS,NO_CHANGE,real 模式三品种 dry-run 3 / 3 PASS (RISK-01/02 关闭逻辑就绪; 真实回放待 TD002 数据),2026-10-12T14:00:00+08:00,42,5fab8dfc910d0a4a9a21e3e8428db3f8
PG4-R1,GATE-P2-08,FROZEN_RECHECK,PASS,PASS,NO_CHANGE,LOCK 4/4; 投产类告警=0 (要求 0); SI 依 TD014 单独解除,2026-10-12T14:00:00+08:00,42,33f7ad2c54a68d8bdefe2d0402427a2e
PG4-R1,GATE-P2-09,J21_RECHECK,PASS,PASS,NO_CHANGE,"K11/K12 复核完成: AL mult=5 size=5t A=5.0/8.0; CU mult=5 size=5t A=6.0/9.0; PB mult=5 size=5t A=5.0/8.0 (SEALED 生效; 联网原文二次核验待主循环新槽位, 详见 j21_contract_recheck_record.md)",2026-10-12T14:00:00+08:00,42,4f0bb623b8b638df4e959eefdbc154e1
PG4-R1,GATE-P2-10,PERF,PASS,PASS,NO_CHANGE,单轮 37 项检查耗时 0.09s (<60s J14 线),2026-10-12T14:00:00+08:00,42,282023e60d682ff43ea3c2dd6feb82bd
PG4-R2,GATE-P2-01,REAL_TREE,PENDING,PENDING,NO_CHANGE,"AL/CU/PB 真实树未就位 (TD002 数据未到, 已知状态): AL=ABSENT; CU=ABSENT; PB=ABSENT",2026-10-12T14:15:00+08:00,42,0080680ab98d5f53bf7acc59be191e69
PG4-R2,GATE-P2-02,WHITELIST,PENDING,PENDING,NO_CHANGE,TD002 白名单未切换 (真实数据就位后按 td002_activate_prep_spec.md 执行切换),2026-10-12T14:15:00+08:00,42,8ea2c803793de7688a76cdef2dce4492
PG4-R2,GATE-P2-03,PATROL_3D,PENDING,PENDING,NO_CHANGE,达标巡检轮=2/2 轮 (连续 3 日要求; 当前值守日志已累计) (0 稳态告警),2026-10-12T14:15:00+08:00,42,a476995820d801ab583e00360b648e76
PG4-R2,GATE-P2-04,FR_RISK_7D,PENDING,PENDING,NO_CHANGE,fr_risk_receive_log rows=24 (fixture 链路已验证; 真实 DSHC 转发 7 日 0 丢失待主循环接入),2026-10-12T14:15:00+08:00,42,bd5ef414d91f69094131815fdb5716e3
PG4-R2,GATE-P2-05,CHAIN_4_4,PASS,PASS,NO_CHANGE,CHAIN-001-REPAIRED-1 4/4 match,2026-10-12T14:15:00+08:00,42,4b849e165c9e508a40d1b86f78856b03
PG4-R2,GATE-P2-06,VOLUME_ROTATION,PASS,PASS,NO_CHANGE,ME-04 轮转就绪: active vol 0001 max_rows=89 (<1000); 旧卷 csv=1 ro=1/1,2026-10-12T14:15:00+08:00,42,4a950fde165834121678816cbc2fba2f
PG4-R2,GATE-P2-07,REAL_REPLAY,PASS,PASS,NO_CHANGE,real 模式三品种 dry-run 3 / 3 PASS (RISK-01/02 关闭逻辑就绪; 真实回放待 TD002 数据),2026-10-12T14:15:00+08:00,42,24010be5c626224a69eb552e47d24077
PG4-R2,GATE-P2-08,FROZEN_RECHECK,PASS,PASS,NO_CHANGE,LOCK 4/4; 投产类告警=0 (要求 0); SI 依 TD014 单独解除,2026-10-12T14:15:00+08:00,42,4ed3d47cb232e427402fb75f850eb935
PG4-R2,GATE-P2-09,J21_RECHECK,PASS,PASS,NO_CHANGE,"K11/K12 复核完成: AL mult=5 size=5t A=5.0/8.0; CU mult=5 size=5t A=6.0/9.0; PB mult=5 size=5t A=5.0/8.0 (SEALED 生效; 联网原文二次核验待主循环新槽位, 详见 j21_contract_recheck_record.md)",2026-10-12T14:15:00+08:00,42,4f1abbc1c3c909cadd3188cd0928a4ae
PG4-R2,GATE-P2-10,PERF,PASS,PASS,NO_CHANGE,单轮 37 项检查耗时 0.07s (<60s J14 线),2026-10-12T14:15:00+08:00,42,44563a6298e72235623e2cee613ca0ca
PG4-R2,GATE-P2-11,RESERVED_SLOTS,PASS,,NO_CHANGE,"预留槽位 ZN,NI,SN,SI 4/4 RESERVED; 模板 4/4 完整; LOCK 4/4; 解锁前置 TD002+TD014+REAL_DATA",2026-10-12T14:15:00+08:00,42,9edaea91248e2746bd8f24c61feb69f9
PG4-R3,GATE-P2-01,REAL_TREE,PENDING,PENDING,NO_CHANGE,"AL/CU/PB 真实树未就位 (TD002 数据未到, 已知状态): AL=ABSENT; CU=ABSENT; PB=ABSENT",2026-10-12T14:30:00+08:00,42,a3ee43038c5a2b002eff2d9ffabcb27c
PG4-R3,GATE-P2-02,WHITELIST,PENDING,PENDING,NO_CHANGE,TD002 白名单未切换 (真实数据就位后按 td002_activate_prep_spec.md 执行切换),2026-10-12T14:30:00+08:00,42,9cc022a3013ea671318820b3d84f6610
PG4-R3,GATE-P2-03,PATROL_3D,PENDING,PENDING,NO_CHANGE,达标巡检轮=2/2 轮 (连续 3 日要求; 当前值守日志已累计) (0 稳态告警),2026-10-12T14:30:00+08:00,42,f7a8218d0c810f57dc2303ede5fabedc
PG4-R3,GATE-P2-04,FR_RISK_7D,PENDING,PENDING,NO_CHANGE,fr_risk_receive_log rows=24 (fixture 链路已验证; 真实 DSHC 转发 7 日 0 丢失待主循环接入),2026-10-12T14:30:00+08:00,42,6419704e76148c227ea6b62f10228d38
PG4-R3,GATE-P2-05,CHAIN_4_4,PASS,PASS,NO_CHANGE,CHAIN-001-REPAIRED-1 4/4 match,2026-10-12T14:30:00+08:00,42,c4fff24a4a2c101291c66d07d7ef3292
PG4-R3,GATE-P2-06,VOLUME_ROTATION,PASS,PASS,NO_CHANGE,ME-04 轮转就绪: active vol 0001 max_rows=89 (<1000); 旧卷 csv=1 ro=1/1,2026-10-12T14:30:00+08:00,42,86caa3a5f6fc2235e32ddeb2441fdeff
PG4-R3,GATE-P2-07,REAL_REPLAY,PASS,PASS,NO_CHANGE,real 模式三品种 dry-run 3 / 3 PASS (RISK-01/02 关闭逻辑就绪; 真实回放待 TD002 数据),2026-10-12T14:30:00+08:00,42,e3f6f64847caa79afdf349a81606f6c0
PG4-R3,GATE-P2-08,FROZEN_RECHECK,PASS,PASS,NO_CHANGE,LOCK 4/4; 投产类告警=0 (要求 0); SI 依 TD014 单独解除,2026-10-12T14:30:00+08:00,42,afd9e959e27e5a53213d7cc7990846b9
PG4-R3,GATE-P2-09,J21_RECHECK,PASS,PASS,NO_CHANGE,"K11/K12 复核完成: AL mult=5 size=5t A=5.0/8.0; CU mult=5 size=5t A=6.0/9.0; PB mult=5 size=5t A=5.0/8.0 (SEALED 生效; 联网原文二次核验待主循环新槽位, 详见 j21_contract_recheck_record.md)",2026-10-12T14:30:00+08:00,42,4ff9e0f6c0c7bd17357fdede452aa071
PG4-R3,GATE-P2-10,PERF,PASS,PASS,NO_CHANGE,单轮 37 项检查耗时 0.06s (<60s J14 线),2026-10-12T14:30:00+08:00,42,853e097592e14a8c2c92ed0c84fb9318
PG4-R3,GATE-P2-11,RESERVED_SLOTS,PASS,PASS,NO_CHANGE,"预留槽位 ZN,NI,SN,SI 4/4 RESERVED; 模板 4/4 完整; LOCK 4/4; 解锁前置 TD002+TD014+REAL_DATA",2026-10-12T14:30:00+08:00,42,74a17aca45f5068ab5bae1975c8c69d5
PG7-R1,GATE-P2-01,REAL_TREE,PENDING,PENDING,NO_CHANGE,"AL/CU/PB 真实树未就位 (TD002 数据未到, 已知状态): AL=ABSENT; CU=ABSENT; PB=ABSENT",2026-10-23T14:30:00+08:00,42,ff3c2115cfabf9869845ee9e7d130445
PG7-R1,GATE-P2-02,WHITELIST,PENDING,PENDING,NO_CHANGE,TD002 白名单未切换 (真实数据就位后按 td002_activate_prep_spec.md 执行切换),2026-10-23T14:30:00+08:00,42,65b50d173365347b72b8a2c5662ee1be
PG7-R1,GATE-P2-03,PATROL_3D,PENDING,PENDING,NO_CHANGE,达标巡检轮=2/2 轮 (连续 3 日要求; 当前值守日志已累计) (0 稳态告警),2026-10-23T14:30:00+08:00,42,7683df95671007035a7de9bed6c805b4
PG7-R1,GATE-P2-04,FR_RISK_7D,PENDING,PENDING,NO_CHANGE,fr_risk_receive_log rows=27 (fixture 链路已验证; 真实 DSHC 转发 7 日 0 丢失待主循环接入),2026-10-23T14:30:00+08:00,42,7d32ff85bb8060b5a332d909b47cc309
PG7-R1,GATE-P2-05,CHAIN_4_4,PASS,PASS,NO_CHANGE,CHAIN-001-REPAIRED-1 4/4 match,2026-10-23T14:30:00+08:00,42,874dd525f4907cf8eb46fe1698edf195
PG7-R1,GATE-P2-06,VOLUME_ROTATION,PASS,PASS,NO_CHANGE,ME-04 轮转就绪: active vol 0001 max_rows=89 (<1000); 旧卷 csv=1 ro=1/1,2026-10-23T14:30:00+08:00,42,6ddaa9a4fdc732014748def731267fdd
PG7-R1,GATE-P2-07,REAL_REPLAY,PASS,PASS,NO_CHANGE,real 模式三品种 dry-run 3 / 3 PASS (RISK-01/02 关闭逻辑就绪; 真实回放待 TD002 数据),2026-10-23T14:30:00+08:00,42,6f391057eb00f05d8bc0b9ff11716141
PG7-R1,GATE-P2-08,FROZEN_RECHECK,PASS,PASS,NO_CHANGE,LOCK 4/4; 投产类告警=0 (要求 0); SI 依 TD014 单独解除,2026-10-23T14:30:00+08:00,42,1b682db5586a47019e9ee4e547a14142
PG7-R1,GATE-P2-09,J21_RECHECK,PASS,PASS,NO_CHANGE,"K11/K12 复核完成: AL mult=5 size=5t A=5.0/8.0; CU mult=5 size=5t A=6.0/9.0; PB mult=5 size=5t A=5.0/8.0 (SEALED 生效; 联网原文二次核验待主循环新槽位, 详见 j21_contract_recheck_record.md)",2026-10-23T14:30:00+08:00,42,b46c8d4a8e8350d6ec829e4a3fa01603
PG7-R1,GATE-P2-10,PERF,PASS,PASS,NO_CHANGE,单轮 37 项检查耗时 0.07s (<60s J14 线),2026-10-23T14:30:00+08:00,42,c9dc216e6db957e73feca42ea3ab4cf0
PG7-R1,GATE-P2-11,RESERVED_SLOTS,PASS,PASS,NO_CHANGE,"预留槽位 ZN,NI,SN,SI 4/4 RESERVED; 模板 4/4 完整; LOCK 4/4; 解锁前置 TD002+TD014+REAL_DATA",2026-10-23T14:30:00+08:00,42,aa1163fa6625f07dbcb1d7197461951c
PG7-R2,GATE-P2-01,REAL_TREE,PENDING,PENDING,NO_CHANGE,"AL/CU/PB 真实树未就位 (TD002 数据未到, 已知状态): AL=ABSENT; CU=ABSENT; PB=ABSENT",2026-10-23T14:45:00+08:00,42,e097aa06c896e56a781e9d10137aedf9
PG7-R2,GATE-P2-02,WHITELIST,PENDING,PENDING,NO_CHANGE,TD002 白名单未切换 (真实数据就位后按 td002_activate_prep_spec.md 执行切换),2026-10-23T14:45:00+08:00,42,ff7b98b9c4692b252dfacbee03c34dc9
PG7-R2,GATE-P2-03,PATROL_3D,PENDING,PENDING,NO_CHANGE,达标巡检轮=2/2 轮 (连续 3 日要求; 当前值守日志已累计) (0 稳态告警),2026-10-23T14:45:00+08:00,42,08de3f050c2fe92e5bc78cbd1e96f7a5
PG7-R2,GATE-P2-04,FR_RISK_7D,PENDING,PENDING,NO_CHANGE,fr_risk_receive_log rows=27 (fixture 链路已验证; 真实 DSHC 转发 7 日 0 丢失待主循环接入),2026-10-23T14:45:00+08:00,42,80222ca78b37b8ab32821d9a87c96312
PG7-R2,GATE-P2-05,CHAIN_4_4,PASS,PASS,NO_CHANGE,CHAIN-001-REPAIRED-1 4/4 match,2026-10-23T14:45:00+08:00,42,08b2ff9e4f97a1d6f55f68a4d951ef1b
PG7-R2,GATE-P2-06,VOLUME_ROTATION,PASS,PASS,NO_CHANGE,ME-04 轮转就绪: active vol 0001 max_rows=89 (<1000); 旧卷 csv=1 ro=1/1,2026-10-23T14:45:00+08:00,42,cce878609fb0d2be08975499306149d4
PG7-R2,GATE-P2-07,REAL_REPLAY,PASS,PASS,NO_CHANGE,real 模式三品种 dry-run 3 / 3 PASS (RISK-01/02 关闭逻辑就绪; 真实回放待 TD002 数据),2026-10-23T14:45:00+08:00,42,6a6ff033f2522d6b159087d6d9a3d58f
PG7-R2,GATE-P2-08,FROZEN_RECHECK,PASS,PASS,NO_CHANGE,LOCK 4/4; 投产类告警=0 (要求 0); SI 依 TD014 单独解除,2026-10-23T14:45:00+08:00,42,39bfad454f29da093318800f9b644809
PG7-R2,GATE-P2-09,J21_RECHECK,PASS,PASS,NO_CHANGE,"K11/K12 复核完成: AL mult=5 size=5t A=5.0/8.0; CU mult=5 size=5t A=6.0/9.0; PB mult=5 size=5t A=5.0/8.0 (SEALED 生效; 联网原文二次核验待主循环新槽位, 详见 j21_contract_recheck_record.md)",2026-10-23T14:45:00+08:00,42,6d5338f440c93531c4086064935ed30e
PG7-R2,GATE-P2-10,PERF,PASS,PASS,NO_CHANGE,单轮 37 项检查耗时 0.07s (<60s J14 线),2026-10-23T14:45:00+08:00,42,f7b76ec7df721d062b9489f5b28fd59c
PG7-R2,GATE-P2-11,RESERVED_SLOTS,PASS,PASS,NO_CHANGE,"预留槽位 ZN,NI,SN,SI 4/4 RESERVED; 模板 4/4 完整; LOCK 4/4; 解锁前置 TD002+TD014+REAL_DATA",2026-10-23T14:45:00+08:00,42,356d1f0762ab9812445b5f98d2fff2c5
PG7-R3,GATE-P2-01,REAL_TREE,PENDING,PENDING,NO_CHANGE,"AL/CU/PB 真实树未就位 (TD002 数据未到, 已知状态): AL=ABSENT; CU=ABSENT; PB=ABSENT",2026-10-23T15:00:00+08:00,42,ef3fa8543c34405906a8e97403fb1e7c
PG7-R3,GATE-P2-02,WHITELIST,PENDING,PENDING,NO_CHANGE,TD002 白名单未切换 (真实数据就位后按 td002_activate_prep_spec.md 执行切换),2026-10-23T15:00:00+08:00,42,f77b4cc4c3d35257df35f5c98d5f8a7c
PG7-R3,GATE-P2-03,PATROL_3D,PENDING,PENDING,NO_CHANGE,达标巡检轮=2/2 轮 (连续 3 日要求; 当前值守日志已累计) (0 稳态告警),2026-10-23T15:00:00+08:00,42,af956c16de32217fee9a6f274ef0f985
PG7-R3,GATE-P2-04,FR_RISK_7D,PENDING,PENDING,NO_CHANGE,fr_risk_receive_log rows=27 (fixture 链路已验证; 真实 DSHC 转发 7 日 0 丢失待主循环接入),2026-10-23T15:00:00+08:00,42,db126393fef00347a5ca351a2bc9531d
PG7-R3,GATE-P2-05,CHAIN_4_4,PASS,PASS,NO_CHANGE,CHAIN-001-REPAIRED-1 4/4 match,2026-10-23T15:00:00+08:00,42,0850f90cda4129608bacb52003ad0733
PG7-R3,GATE-P2-06,VOLUME_ROTATION,PASS,PASS,NO_CHANGE,ME-04 轮转就绪: active vol 0001 max_rows=89 (<1000); 旧卷 csv=1 ro=1/1,2026-10-23T15:00:00+08:00,42,26b43b27035f8ee2313fab76af560f09
PG7-R3,GATE-P2-07,REAL_REPLAY,PASS,PASS,NO_CHANGE,real 模式三品种 dry-run 3 / 3 PASS (RISK-01/02 关闭逻辑就绪; 真实回放待 TD002 数据),2026-10-23T15:00:00+08:00,42,ce62262620db31a75f6aa3f4929c0192
PG7-R3,GATE-P2-08,FROZEN_RECHECK,PASS,PASS,NO_CHANGE,LOCK 4/4; 投产类告警=0 (要求 0); SI 依 TD014 单独解除,2026-10-23T15:00:00+08:00,42,c5f0bbff38b3bc2c98a1f0726ee92620
PG7-R3,GATE-P2-09,J21_RECHECK,PASS,PASS,NO_CHANGE,"K11/K12 复核完成: AL mult=5 size=5t A=5.0/8.0; CU mult=5 size=5t A=6.0/9.0; PB mult=5 size=5t A=5.0/8.0 (SEALED 生效; 联网原文二次核验待主循环新槽位, 详见 j21_contract_recheck_record.md)",2026-10-23T15:00:00+08:00,42,32e14e6e6de3d239f5e89e3967ca4bcc
PG7-R3,GATE-P2-10,PERF,PASS,PASS,NO_CHANGE,单轮 37 项检查耗时 0.06s (<60s J14 线),2026-10-23T15:00:00+08:00,42,5b65b6b10b30a0fda6839461ea49499e
PG7-R3,GATE-P2-11,RESERVED_SLOTS,PASS,PASS,NO_CHANGE,"预留槽位 ZN,NI,SN,SI 4/4 RESERVED; 模板 4/4 完整; LOCK 4/4; 解锁前置 TD002+TD014+REAL_DATA",2026-10-23T15:00:00+08:00,42,f804e7681fa2d889791195f2fa4c97f9
PG9-R1,GATE-P2-01,REAL_TREE,PENDING,PENDING,NO_CHANGE,"AL/CU/PB 真实树未就位 (TD002 数据未到, 已知状态): AL=ABSENT; CU=ABSENT; PB=ABSENT",2026-10-25T14:30:00+08:00,42,1ebdbe35e23e96e9fc4c498b164be67a
PG9-R1,GATE-P2-02,WHITELIST,PENDING,PENDING,NO_CHANGE,TD002 白名单未切换 (真实数据就位后按 td002_activate_prep_spec.md 执行切换),2026-10-25T14:30:00+08:00,42,6063641a5a6340b8806e5bb370aa93c0
PG9-R1,GATE-P2-03,PATROL_3D,PENDING,PENDING,NO_CHANGE,达标巡检轮=2/2 轮 (连续 3 日要求; 当前值守日志已累计) (0 稳态告警),2026-10-25T14:30:00+08:00,42,43fd5c1dcc26d6fdb9cd3af0e70227e0
PG9-R1,GATE-P2-04,FR_RISK_7D,PENDING,PENDING,NO_CHANGE,fr_risk_receive_log rows=27 (fixture 链路已验证; 真实 DSHC 转发 7 日 0 丢失待主循环接入),2026-10-25T14:30:00+08:00,42,95555ee9016725e67350afb308d77a34
PG9-R1,GATE-P2-05,CHAIN_4_4,PASS,PASS,NO_CHANGE,CHAIN-001-REPAIRED-1 4/4 match,2026-10-25T14:30:00+08:00,42,53f7e54552c802c5a6759d4121e2cfe9
PG9-R1,GATE-P2-06,VOLUME_ROTATION,PASS,PASS,NO_CHANGE,ME-04 轮转就绪: active vol 0001 max_rows=89 (<1000); 旧卷 csv=1 ro=1/1,2026-10-25T14:30:00+08:00,42,6e5891d033910b93a8029656b3b32e0c
PG9-R1,GATE-P2-07,REAL_REPLAY,PASS,PASS,NO_CHANGE,real 模式三品种 dry-run 3 / 3 PASS (RISK-01/02 关闭逻辑就绪; 真实回放待 TD002 数据),2026-10-25T14:30:00+08:00,42,c40ee1e580175ca26608d9de21da058d
PG9-R1,GATE-P2-08,FROZEN_RECHECK,PASS,PASS,NO_CHANGE,LOCK 4/4; 投产类告警=0 (要求 0); SI 依 TD014 单独解除,2026-10-25T14:30:00+08:00,42,2f978c5624d8169ea6ae8c8724a42f14
PG9-R1,GATE-P2-09,J21_RECHECK,PASS,PASS,NO_CHANGE,"K11/K12 复核完成: AL mult=5 size=5t A=5.0/8.0; CU mult=5 size=5t A=6.0/9.0; PB mult=5 size=5t A=5.0/8.0 (SEALED 生效; 联网原文二次核验待主循环新槽位, 详见 j21_contract_recheck_record.md)",2026-10-25T14:30:00+08:00,42,676f37d4526e644c331c0a3f82648f3b
PG9-R1,GATE-P2-10,PERF,PASS,PASS,NO_CHANGE,单轮 37 项检查耗时 0.06s (<60s J14 线),2026-10-25T14:30:00+08:00,42,105fa9f05a296d6fd69874d144788a69
PG9-R1,GATE-P2-11,RESERVED_SLOTS,PASS,PASS,NO_CHANGE,"预留槽位 ZN,NI,SN,SI 4/4 RESERVED; 模板 4/4 完整; LOCK 4/4; 解锁前置 TD002+TD014+REAL_DATA",2026-10-25T14:30:00+08:00,42,4e4cfb2005d385a75b2e6ceb1fcab079
PG9-R2,GATE-P2-01,REAL_TREE,PENDING,PENDING,NO_CHANGE,"AL/CU/PB 真实树未就位 (TD002 数据未到, 已知状态): AL=ABSENT; CU=ABSENT; PB=ABSENT",2026-10-25T14:45:00+08:00,42,723b9575fb0fea8090b6214b043ee035
PG9-R2,GATE-P2-02,WHITELIST,PENDING,PENDING,NO_CHANGE,TD002 白名单未切换 (真实数据就位后按 td002_activate_prep_spec.md 执行切换),2026-10-25T14:45:00+08:00,42,373b649c997aa6a48f4173c8ac5ec102
PG9-R2,GATE-P2-03,PATROL_3D,PENDING,PENDING,NO_CHANGE,达标巡检轮=2/2 轮 (连续 3 日要求; 当前值守日志已累计) (0 稳态告警),2026-10-25T14:45:00+08:00,42,5cc4bbd8893bc42bb207d7b7dd55d058
PG9-R2,GATE-P2-04,FR_RISK_7D,PENDING,PENDING,NO_CHANGE,fr_risk_receive_log rows=27 (fixture 链路已验证; 真实 DSHC 转发 7 日 0 丢失待主循环接入),2026-10-25T14:45:00+08:00,42,9d67475d287a3b22b369b324382e072d
PG9-R2,GATE-P2-05,CHAIN_4_4,PASS,PASS,NO_CHANGE,CHAIN-001-REPAIRED-1 4/4 match,2026-10-25T14:45:00+08:00,42,818962883587813647e7d0b253ef6fcc
PG9-R2,GATE-P2-06,VOLUME_ROTATION,PASS,PASS,NO_CHANGE,ME-04 轮转就绪: active vol 0001 max_rows=89 (<1000); 旧卷 csv=1 ro=1/1,2026-10-25T14:45:00+08:00,42,664262e95655c32fa1f4784627e09ff4
PG9-R2,GATE-P2-07,REAL_REPLAY,PASS,PASS,NO_CHANGE,real 模式三品种 dry-run 3 / 3 PASS (RISK-01/02 关闭逻辑就绪; 真实回放待 TD002 数据),2026-10-25T14:45:00+08:00,42,dd98502781773c451e6a083588bb836e
PG9-R2,GATE-P2-08,FROZEN_RECHECK,PASS,PASS,NO_CHANGE,LOCK 4/4; 投产类告警=0 (要求 0); SI 依 TD014 单独解除,2026-10-25T14:45:00+08:00,42,3bf58ff077b83fd297cb9bd8fb7acd04
PG9-R2,GATE-P2-09,J21_RECHECK,PASS,PASS,NO_CHANGE,"K11/K12 复核完成: AL mult=5 size=5t A=5.0/8.0; CU mult=5 size=5t A=6.0/9.0; PB mult=5 size=5t A=5.0/8.0 (SEALED 生效; 联网原文二次核验待主循环新槽位, 详见 j21_contract_recheck_record.md)",2026-10-25T14:45:00+08:00,42,0ab6e99e2cfed4f19c56611652b4e3d7
PG9-R2,GATE-P2-10,PERF,PASS,PASS,NO_CHANGE,单轮 37 项检查耗时 0.08s (<60s J14 线),2026-10-25T14:45:00+08:00,42,011e1f8390d47b1bb07d6d5dbaf6f611
PG9-R2,GATE-P2-11,RESERVED_SLOTS,PASS,PASS,NO_CHANGE,"预留槽位 ZN,NI,SN,SI 4/4 RESERVED; 模板 4/4 完整; LOCK 4/4; 解锁前置 TD002+TD014+REAL_DATA",2026-10-25T14:45:00+08:00,42,6bee2f78b6b0f4cd6f8ca6e42b457130
PG9-R3,GATE-P2-01,REAL_TREE,PENDING,PENDING,NO_CHANGE,"AL/CU/PB 真实树未就位 (TD002 数据未到, 已知状态): AL=ABSENT; CU=ABSENT; PB=ABSENT",2026-10-25T15:00:00+08:00,42,c9ed3c078854c96b4a4256f20291e6a8
PG9-R3,GATE-P2-02,WHITELIST,PENDING,PENDING,NO_CHANGE,TD002 白名单未切换 (真实数据就位后按 td002_activate_prep_spec.md 执行切换),2026-10-25T15:00:00+08:00,42,d7304b21c1cc81ba42fe64d22a0e0413
PG9-R3,GATE-P2-03,PATROL_3D,PENDING,PENDING,NO_CHANGE,达标巡检轮=2/2 轮 (连续 3 日要求; 当前值守日志已累计) (0 稳态告警),2026-10-25T15:00:00+08:00,42,c45764f3ae79c3691399fd396511baf9
PG9-R3,GATE-P2-04,FR_RISK_7D,PENDING,PENDING,NO_CHANGE,fr_risk_receive_log rows=27 (fixture 链路已验证; 真实 DSHC 转发 7 日 0 丢失待主循环接入),2026-10-25T15:00:00+08:00,42,cd5f11b5264afb962ac725fee727c085
PG9-R3,GATE-P2-05,CHAIN_4_4,PASS,PASS,NO_CHANGE,CHAIN-001-REPAIRED-1 4/4 match,2026-10-25T15:00:00+08:00,42,447c7a6beb3c65df4cefa0b3ba28cc26
PG9-R3,GATE-P2-06,VOLUME_ROTATION,PASS,PASS,NO_CHANGE,ME-04 轮转就绪: active vol 0001 max_rows=89 (<1000); 旧卷 csv=1 ro=1/1,2026-10-25T15:00:00+08:00,42,b30aa1e919a35f49e46e96f7ec094547
PG9-R3,GATE-P2-07,REAL_REPLAY,PASS,PASS,NO_CHANGE,real 模式三品种 dry-run 3 / 3 PASS (RISK-01/02 关闭逻辑就绪; 真实回放待 TD002 数据),2026-10-25T15:00:00+08:00,42,053d3138940aaf67f3276ded5760eea7
PG9-R3,GATE-P2-08,FROZEN_RECHECK,PASS,PASS,NO_CHANGE,LOCK 4/4; 投产类告警=0 (要求 0); SI 依 TD014 单独解除,2026-10-25T15:00:00+08:00,42,7d1d1c0c06f4a9c0331ed90e23d04523
PG9-R3,GATE-P2-09,J21_RECHECK,PASS,PASS,NO_CHANGE,"K11/K12 复核完成: AL mult=5 size=5t A=5.0/8.0; CU mult=5 size=5t A=6.0/9.0; PB mult=5 size=5t A=5.0/8.0 (SEALED 生效; 联网原文二次核验待主循环新槽位, 详见 j21_contract_recheck_record.md)",2026-10-25T15:00:00+08:00,42,26d292fe4d0844cef73941a181b4eefe
PG9-R3,GATE-P2-10,PERF,PASS,PASS,NO_CHANGE,单轮 37 项检查耗时 0.06s (<60s J14 线),2026-10-25T15:00:00+08:00,42,72c798c95371619e2b5b66b718ab6956
PG9-R3,GATE-P2-11,RESERVED_SLOTS,PASS,PASS,NO_CHANGE,"预留槽位 ZN,NI,SN,SI 4/4 RESERVED; 模板 4/4 完整; LOCK 4/4; 解锁前置 TD002+TD014+REAL_DATA",2026-10-25T15:00:00+08:00,42,0b5cc9e8dc0e5563bdaaeedb8f18a9c1
PG12-R1,GATE-P2-01,REAL_TREE,PENDING,PENDING,NO_CHANGE,"AL/CU/PB 真实树未就位 (TD002 数据未到, 已知状态): AL=ABSENT; CU=ABSENT; PB=ABSENT",2026-11-16T14:30:00+08:00,42,b7c39d5ff59dfb75903caf66a1c744bc
PG12-R1,GATE-P2-02,WHITELIST,PENDING,PENDING,NO_CHANGE,TD002 白名单未切换 (真实数据就位后按 td002_activate_prep_spec.md 执行切换),2026-11-16T14:30:00+08:00,42,708921e37f962377fa1c9f7242d49f96
PG12-R1,GATE-P2-03,PATROL_3D,PENDING,PENDING,NO_CHANGE,达标巡检轮=2/2 轮 (连续 3 日要求; 当前值守日志已累计) (0 稳态告警),2026-11-16T14:30:00+08:00,42,166ae86be725cdeaf419f07d8bca7fe8
PG12-R1,GATE-P2-04,FR_RISK_7D,PENDING,PENDING,NO_CHANGE,fr_risk_receive_log rows=27 (fixture 链路已验证; 真实 DSHC 转发 7 日 0 丢失待主循环接入),2026-11-16T14:30:00+08:00,42,4a063235127f99d2f7767911d0b78770
PG12-R1,GATE-P2-05,CHAIN_4_4,PASS,PASS,NO_CHANGE,CHAIN-001-REPAIRED-1 4/4 match,2026-11-16T14:30:00+08:00,42,9266eae3232a6ceb85fa18372e5ccc9b
PG12-R1,GATE-P2-06,VOLUME_ROTATION,PASS,PASS,NO_CHANGE,ME-04 轮转就绪: active vol 0001 max_rows=89 (<1000); 旧卷 csv=1 ro=1/1,2026-11-16T14:30:00+08:00,42,17fda3a512d4248eadd8ab294b79d1d5
PG12-R1,GATE-P2-07,REAL_REPLAY,PASS,PASS,NO_CHANGE,real 模式三品种 dry-run 3 / 3 PASS (RISK-01/02 关闭逻辑就绪; 真实回放待 TD002 数据),2026-11-16T14:30:00+08:00,42,357cea86a5f6103898ab89ca29501524
PG12-R1,GATE-P2-08,FROZEN_RECHECK,PASS,PASS,NO_CHANGE,LOCK 4/4; 投产类告警=0 (要求 0); SI 依 TD014 单独解除,2026-11-16T14:30:00+08:00,42,6c7883f6e0f3631f49b886575f21ff57
PG12-R1,GATE-P2-09,J21_RECHECK,PASS,PASS,NO_CHANGE,"K11/K12 复核完成: AL mult=5 size=5t A=5.0/8.0; CU mult=5 size=5t A=6.0/9.0; PB mult=5 size=5t A=5.0/8.0 (SEALED 生效; 联网原文二次核验待主循环新槽位, 详见 j21_contract_recheck_record.md)",2026-11-16T14:30:00+08:00,42,bda776adf5eaa2eeeb54be34a66219a5
PG12-R1,GATE-P2-10,PERF,PASS,PASS,NO_CHANGE,单轮 37 项检查耗时 0.07s (<60s J14 线),2026-11-16T14:30:00+08:00,42,5e98fb596accdaa00a7c21ead29abeab
PG12-R1,GATE-P2-11,RESERVED_SLOTS,PASS,PASS,NO_CHANGE,"预留槽位 ZN,NI,SN,SI 4/4 RESERVED; 模板 4/4 完整; LOCK 4/4; 解锁前置 TD002+TD014+REAL_DATA",2026-11-16T14:30:00+08:00,42,dc81860243db4b3e443dc6b9c48c2579
PG12-R2,GATE-P2-01,REAL_TREE,PENDING,PENDING,NO_CHANGE,"AL/CU/PB 真实树未就位 (TD002 数据未到, 已知状态): AL=ABSENT; CU=ABSENT; PB=ABSENT",2026-11-16T14:45:00+08:00,42,c9c1f411d03fa5706e935eed07b42c13
PG12-R2,GATE-P2-02,WHITELIST,PENDING,PENDING,NO_CHANGE,TD002 白名单未切换 (真实数据就位后按 td002_activate_prep_spec.md 执行切换),2026-11-16T14:45:00+08:00,42,d5dd03893222d3d27ca61f7320f2e72e
PG12-R2,GATE-P2-03,PATROL_3D,PENDING,PENDING,NO_CHANGE,达标巡检轮=2/2 轮 (连续 3 日要求; 当前值守日志已累计) (0 稳态告警),2026-11-16T14:45:00+08:00,42,f9f408c3cb0e1a5086ef425c7783e2c1
PG12-R2,GATE-P2-04,FR_RISK_7D,PENDING,PENDING,NO_CHANGE,fr_risk_receive_log rows=27 (fixture 链路已验证; 真实 DSHC 转发 7 日 0 丢失待主循环接入),2026-11-16T14:45:00+08:00,42,669e8767a9f86474b3dd85960f366157
PG12-R2,GATE-P2-05,CHAIN_4_4,PASS,PASS,NO_CHANGE,CHAIN-001-REPAIRED-1 4/4 match,2026-11-16T14:45:00+08:00,42,bb122a44c9fbb647a2dd94eb14327d31
PG12-R2,GATE-P2-06,VOLUME_ROTATION,PASS,PASS,NO_CHANGE,ME-04 轮转就绪: active vol 0001 max_rows=89 (<1000); 旧卷 csv=1 ro=1/1,2026-11-16T14:45:00+08:00,42,f786f88d2bf1ff1ffd39be3e2566e791
PG12-R2,GATE-P2-07,REAL_REPLAY,PASS,PASS,NO_CHANGE,real 模式三品种 dry-run 3 / 3 PASS (RISK-01/02 关闭逻辑就绪; 真实回放待 TD002 数据),2026-11-16T14:45:00+08:00,42,d8f2e09c41cacfe2f2e4d7c2b590f894
PG12-R2,GATE-P2-08,FROZEN_RECHECK,PASS,PASS,NO_CHANGE,LOCK 4/4; 投产类告警=0 (要求 0); SI 依 TD014 单独解除,2026-11-16T14:45:00+08:00,42,29427e36951b71881b888bce4cfbf244
PG12-R2,GATE-P2-09,J21_RECHECK,PASS,PASS,NO_CHANGE,"K11/K12 复核完成: AL mult=5 size=5t A=5.0/8.0; CU mult=5 size=5t A=6.0/9.0; PB mult=5 size=5t A=5.0/8.0 (SEALED 生效; 联网原文二次核验待主循环新槽位, 详见 j21_contract_recheck_record.md)",2026-11-16T14:45:00+08:00,42,4d5f5b99d77223bc536f0f3350515e22
PG12-R2,GATE-P2-10,PERF,PASS,PASS,NO_CHANGE,单轮 37 项检查耗时 0.06s (<60s J14 线),2026-11-16T14:45:00+08:00,42,2ede86349200b7e755a21bcbeb48aee7
PG12-R2,GATE-P2-11,RESERVED_SLOTS,PASS,PASS,NO_CHANGE,"预留槽位 ZN,NI,SN,SI 4/4 RESERVED; 模板 4/4 完整; LOCK 4/4; 解锁前置 TD002+TD014+REAL_DATA",2026-11-16T14:45:00+08:00,42,97efc92bcfbe6de8faa63b60d246afd5
PG12-R3,GATE-P2-01,REAL_TREE,PENDING,PENDING,NO_CHANGE,"AL/CU/PB 真实树未就位 (TD002 数据未到, 已知状态): AL=ABSENT; CU=ABSENT; PB=ABSENT",2026-11-16T15:00:00+08:00,42,f4df3d403c755534957e417e1c79c4b6
PG12-R3,GATE-P2-02,WHITELIST,PENDING,PENDING,NO_CHANGE,TD002 白名单未切换 (真实数据就位后按 td002_activate_prep_spec.md 执行切换),2026-11-16T15:00:00+08:00,42,b04862e18b045ad00b8ef2aa0e4e0cc0
PG12-R3,GATE-P2-03,PATROL_3D,PENDING,PENDING,NO_CHANGE,达标巡检轮=2/2 轮 (连续 3 日要求; 当前值守日志已累计) (0 稳态告警),2026-11-16T15:00:00+08:00,42,e6acee86cffbeea4abafa8f8a281c00c
PG12-R3,GATE-P2-04,FR_RISK_7D,PENDING,PENDING,NO_CHANGE,fr_risk_receive_log rows=27 (fixture 链路已验证; 真实 DSHC 转发 7 日 0 丢失待主循环接入),2026-11-16T15:00:00+08:00,42,84125934ec623318593b7dbd7df8bbb1
PG12-R3,GATE-P2-05,CHAIN_4_4,PASS,PASS,NO_CHANGE,CHAIN-001-REPAIRED-1 4/4 match,2026-11-16T15:00:00+08:00,42,9684a2231fa171f29fe3879c95180a99
PG12-R3,GATE-P2-06,VOLUME_ROTATION,PASS,PASS,NO_CHANGE,ME-04 轮转就绪: active vol 0001 max_rows=89 (<1000); 旧卷 csv=1 ro=1/1,2026-11-16T15:00:00+08:00,42,aae9c132ae09a337707feb6d6ca35ff0
PG12-R3,GATE-P2-07,REAL_REPLAY,PASS,PASS,NO_CHANGE,real 模式三品种 dry-run 3 / 3 PASS (RISK-01/02 关闭逻辑就绪; 真实回放待 TD002 数据),2026-11-16T15:00:00+08:00,42,cc86fabe5c11054421e5d5e42a5f812e
PG12-R3,GATE-P2-08,FROZEN_RECHECK,PASS,PASS,NO_CHANGE,LOCK 4/4; 投产类告警=0 (要求 0); SI 依 TD014 单独解除,2026-11-16T15:00:00+08:00,42,debe3e3d6be63d8959c99758ca8c69b7
PG12-R3,GATE-P2-09,J21_RECHECK,PASS,PASS,NO_CHANGE,"K11/K12 复核完成: AL mult=5 size=5t A=5.0/8.0; CU mult=5 size=5t A=6.0/9.0; PB mult=5 size=5t A=5.0/8.0 (SEALED 生效; 联网原文二次核验待主循环新槽位, 详见 j21_contract_recheck_record.md)",2026-11-16T15:00:00+08:00,42,19916af4dd3a5235750843e380343d5a
PG12-R3,GATE-P2-10,PERF,PASS,PASS,NO_CHANGE,单轮 37 项检查耗时 0.06s (<60s J14 线),2026-11-16T15:00:00+08:00,42,b51eb699c74b61545554f55908a9121a
PG12-R3,GATE-P2-11,RESERVED_SLOTS,PASS,PASS,NO_CHANGE,"预留槽位 ZN,NI,SN,SI 4/4 RESERVED; 模板 4/4 完整; LOCK 4/4; 解锁前置 TD002+TD014+REAL_DATA",2026-11-16T15:00:00+08:00,42,8f157f2e6c034af63d92473b9d023608
PG18-R1,GATE-P18-01,SITE_BUILD,PASS,N/A,NEW,"web_site/ 目录结构完整: index.html+data/(26)+archive/(79); 总文件 107; 总大小 1.76MB",2026-11-16T17:00:00+08:00,42,a2074e1a136fa035ee4a2a11a0528bc5
PG18-R1,GATE-P18-02,CI_CONFIG,PASS,N/A,NEW,"deploy-pages.yml 3 job (validate+deploy+notify); 12 step; 权限最小化; 并发控制; 紧急部署开关",2026-11-16T17:00:00+08:00,42,27666d8b0b8e5583c3f900d929c65e35
PG18-R1,GATE-P18-03,STATIC_ARCHIVE,PASS,N/A,NEW,"79 项归档 (17 phases+13 factors+7 backtests+7 trades+34 alerts+1 dsha_v1); 全部 md5 匹配",2026-11-16T17:00:00+08:00,42,8ad76fa8c2175dedd1264aebbfee6ab1
PG18-R1,GATE-P18-04,ALERT_VIZ,PASS,N/A,NEW,"4 类告警 18 条接入可视化: FR-RISK 7+PC003 1+缺陷 4+漂移 4+回滚 3; 时间线/级别/触发/处置",2026-11-16T17:00:00+08:00,42,932e1dc3a9a6fa42dbcf7738e2e92410
PG18-R1,GATE-P18-05,PC003_DASHBOARD,PASS,N/A,NEW,"PC-003 实时状态 BLOCKED; 自检 40/40; 子门禁 TD002+TD014; 解锁流程; 品种门禁矩阵",2026-11-16T17:00:00+08:00,42,eb093b01d3c972ceef41cc8a14cc50e2
PG18-R1,GATE-P18-06,DATA_COMPLETION,PASS,N/A,NEW,"四品种补全进度: ZN 65%/55% NI 62%/50% SN 60%/48% SI 58%/45%; 平均 55.38%",2026-11-16T17:00:00+08:00,42,e83b541be53a512ee1393a67bbc7f454
PG18-R1,GATE-P18-07,PAGE_FEATURES,PASS,N/A,NEW,"7 项功能: 版本切换+因子筛选+品种切换+盈亏汇总+曲线缩放+点位详情+截图导出",2026-11-16T17:00:00+08:00,42,0681094384c210a0194b86b1c281b45c
PG18-R1,GATE-P18-08,PAGE_RENDER,PASS,N/A,NEW,"index.html 2921行 91826B; 10 nav tabs; 40+ JS函数; 13 数据引用; 全部标记存在",2026-11-16T17:00:00+08:00,42,a9aaf8b2f96a95da5730ce03e351b799
PG18-R1,GATE-P18-09,DATA_ALIGN,PASS,N/A,NEW,"26 数据文件 (12 JSON+14 CSV); schema 全部匹配; 颜色语义一致; 品种状态一致",2026-11-16T17:00:00+08:00,42,8a19baa65b6f36c63f8dffa67b5c4f42
PG18-R1,GATE-P18-10,ALERT_REGRESS,PASS,N/A,NEW,"颜色语义 RED→STOP_LINE (3+1历史); ORANGE→NOTIFY; YELLOW→RECORD; CRITICAL 升级 3 条; 历史证据行未篡改",2026-11-16T17:00:00+08:00,42,a88792908436a8f14e48910ab70723b7
PG18-R1,GATE-P18-11,ARCHIVE_INTEGRITY,PASS,N/A,NEW,"79 归档文件全部 md5 匹配; manifest 统计一致; DSHA 原始件 f0036dc3 字节不变",2026-11-16T17:00:00+08:00,42,b2c2be7408a8ecefd82583f2826f8f60
PG18-R1,GATE-P18-12,VERSION_LOCKED,PASS,N/A,NEW,"3 版本锁定文件未变: v87_03(e2f0d4cc)+vis_alert(474ff0ae)+gate_check(32c6403f)",2026-11-16T17:00:00+08:00,42,329c0c89b62cbe86a6c3e5c38ab0bcf2
PG18-R1,GATE-P18-13,T4_SELF_CHECK,PASS,N/A,NEW,"T4 全链路 356/356 断言 PASS; 含 T0 共 453/453; VERDICT=PASS",2026-11-16T17:00:00+08:00,42,ca9be40ca14cc02516bde495be0316a5
PG18-R1,GATE-P18-14,DEPLOY_MANUAL,PASS,N/A,NEW,"web_deploy_manual.md 15048B; 部署手册完整 (结构+快速部署+CI配置+数据集+功能+故障排查+验证清单)",2026-11-16T17:00:00+08:00,42,ad52fd7db504471bfd1ce70812e5f65a
PG18-R1,GATE-P18-15,AC1_P12,PASS,PASS,NO_CHANGE,"P12 97/97 断言复核 PASS (flag 34+report 28+archive 37); 历史字节不变",2026-11-16T17:00:00+08:00,42,e5fcc7b7277cec4eaac2b539e6c18178
GATE-P19-01,2026-10-09T12:45:00+08:00,DSHD-P19,T0-P12-RECHECK,P12 97 assertions recheck: 92 PASS / 5 expected FAIL (P18 append),PASS,P18 baseline,DSHD
GATE-P19-02,2026-10-09T12:45:00+08:00,DSHD-P19,T0-HISTORICAL-BYTES,Historical 37,723B md5=096e2d90 unchanged,PASS,immutability,DSHD
GATE-P19-03,2026-10-09T12:45:00+08:00,DSHD-P19,T0-P18-T4,P18 T4 356/356 PASS recheck,PASS,full-chain regression,DSHD
GATE-P19-04,2026-10-09T12:45:00+08:00,DSHD-P19,T1-DSHA-REFRESH,DSHA vis_dashboard_main.html updated 147681->150862B (+3181B),PASS,data refresh,DSHA
GATE-P19-05,2026-10-09T12:45:00+08:00,DSHD-P19,T1-BACKTEST-TRADES,7-variety backtest+trades JSON copied (14 files),PASS,data refresh,DSHA
GATE-P19-06,2026-10-09T12:45:00+08:00,DSHD-P19,T1-DATA-JSON,8 P19 data JSONs generated (experiment/version/completion/pl/fr_risk/pc003/dataset/ni_si_panels),PASS,data build,DSHD-P19
GATE-P19-07,2026-10-09T12:45:00+08:00,DSHD-P19,T1-VERSION-SEPARATION,P18/P19 data separation established (p18_p19_separation field),PASS,version management,DSHD-P19
GATE-P19-08,2026-10-09T12:45:00+08:00,DSHD-P19,T2-NI-PANEL,NI independent panel: backtest curve+trade detail+P/L popup+TD progress,PASS,visualization,DSHD-P19
GATE-P19-09,2026-10-09T12:45:00+08:00,DSHD-P19,T2-SI-PANEL,SI independent panel: backtest curve+trade detail+P/L popup+TD progress,PASS,visualization,DSHD-P19
GATE-P19-10,2026-10-09T12:45:00+08:00,DSHD-P19,T2-M3-MILESTONE,M3 shadow backtest COMPLETED (7 varieties backtest JSON),PASS,milestone,DSHD-P19
GATE-P19-11,2026-10-09T12:45:00+08:00,DSHD-P19,T2-M4-MILESTONE,M4 real data ingestion IN_PROGRESS (TD002+TD014 blocked),IN_PROGRESS,milestone,DSHD-P19
GATE-P19-12,2026-10-09T12:45:00+08:00,DSHD-P19,T2-FR-RISK-PC003,FR-RISK<->PC003 real-time linkage established,LINKED,visualization,DSHD-P19
GATE-P19-13,2026-10-09T12:45:00+08:00,DSHD-P19,T3-OFFLINE-HINT,Offline data preload hint + ECharts dependency check added,PASS,boundary fix,DSHD-P19
GATE-P19-14,2026-10-09T12:45:00+08:00,DSHD-P19,T3-VERSION-LABELS,P18/P19 dataset version labels + dataset version indicator,PASS,version management,DSHD-P19
GATE-P19-15,2026-10-09T12:45:00+08:00,DSHD-P19,T4-FULL-REGRESSION,454/454 assertions PASS (page 122+data 135+CI 64+alert 33+archive 94+lock 6),PASS,full regression,DSHD-P19
GATE-P19-16,2026-10-09T12:45:00+08:00,DSHD-P19,T5-ARCHIVE-DELIVERY,9 deliverables generated + archive appended,PASS,delivery,DSHD-P19
PG20-01,T0,P19 T4 454 assertions re-check,PASS,454/454 PASS,2026-10-09T14:34:17+08:00,DSHD-P20,42
PG20-02,T1,DSHA data refresh,PASS,44 files 403.2KB,2026-10-09T14:34:17+08:00,DSHD-P20,42
PG20-03,T1,P20 data JSON generation,PASS,8 P20 JSONs generated,2026-10-09T14:34:17+08:00,DSHD-P20,42
PG20-04,T1,cross_variety_comparison.json,PASS,7 varieties 6 dimensions,2026-10-09T14:34:17+08:00,DSHD-P20,42
PG20-05,T1,pc003_unlock_assessment.json,PASS,M5 IN_PROGRESS score=38.5%,2026-10-09T14:34:17+08:00,DSHD-P20,42
PG20-06,T2,PC003 unlock assessment panel,PASS,M5+precheck+criteria+readiness,2026-10-09T14:34:17+08:00,DSHD-P20,42
PG20-07,T2,7-variety overview dashboard,PASS,cross-variety sub-panel added,2026-10-09T14:34:17+08:00,DSHD-P20,42
PG20-08,T2,Performance radar chart,PASS,cross_variety_comparison radar,2026-10-09T14:34:17+08:00,DSHD-P20,42
PG20-09,T2,FR-RISK↔PC003↔M5 triple linkage,PASS,triple linkage live,2026-10-09T14:34:17+08:00,DSHD-P20,42
PG20-10,T3,Batch variety switching,PASS,optimized batch loading,2026-10-09T14:34:17+08:00,DSHD-P20,42
PG20-11,T3,P19/P20 version separation,PASS,P18/P19/P20 3-version labels,2026-10-09T14:34:17+08:00,DSHD-P20,42
PG20-12,T3,Offline logic optimization,PASS,P20 offline banner,2026-10-09T14:34:17+08:00,DSHD-P20,42
PG20-13,T4,Full-chain consistency tests,PASS,386/386 PASS,2026-10-09T14:34:17+08:00,DSHD-P20,42
PG20-14,T5,CI yaml update,PASS,P20 CI name+validation+json,2026-10-09T14:34:17+08:00,DSHD-P20,42
PG20-15,T5,Archive delivery,PASS,9 deliverables created,2026-10-09T14:34:17+08:00,DSHD-P20,42
PG20-16,FINAL,Verdict,PASS,6/6 AC PASS,2026-10-09T14:34:17+08:00,DSHD-P20,42
PG20-01,T0,P19 T4 454 assertions re-check,PASS,454/454 PASS,2026-10-09T14:36:14+08:00,DSHD-P20,42
PG20-02,T1,DSHA data refresh,PASS,44 files 403.2KB,2026-10-09T14:36:14+08:00,DSHD-P20,42
PG20-03,T1,P20 data JSON generation,PASS,8 P20 JSONs generated,2026-10-09T14:36:14+08:00,DSHD-P20,42
PG20-04,T1,cross_variety_comparison.json,PASS,7 varieties 6 dimensions,2026-10-09T14:36:14+08:00,DSHD-P20,42
PG20-05,T1,pc003_unlock_assessment.json,PASS,M5 IN_PROGRESS score=38.5%,2026-10-09T14:36:14+08:00,DSHD-P20,42
PG20-06,T2,PC003 unlock assessment panel,PASS,M5+precheck+criteria+readiness,2026-10-09T14:36:14+08:00,DSHD-P20,42
PG20-07,T2,7-variety overview dashboard,PASS,cross-variety sub-panel added,2026-10-09T14:36:14+08:00,DSHD-P20,42
PG20-08,T2,Performance radar chart,PASS,cross_variety_comparison radar,2026-10-09T14:36:14+08:00,DSHD-P20,42
PG20-09,T2,FR-RISK↔PC003↔M5 triple linkage,PASS,triple linkage live,2026-10-09T14:36:14+08:00,DSHD-P20,42
PG20-10,T3,Batch variety switching,PASS,optimized batch loading,2026-10-09T14:36:14+08:00,DSHD-P20,42
PG20-11,T3,P19/P20 version separation,PASS,P18/P19/P20 3-version labels,2026-10-09T14:36:14+08:00,DSHD-P20,42
PG20-12,T3,Offline logic optimization,PASS,P20 offline banner,2026-10-09T14:36:14+08:00,DSHD-P20,42
PG20-13,T4,Full-chain consistency tests,PASS,386/386 PASS,2026-10-09T14:36:14+08:00,DSHD-P20,42
PG20-14,T5,CI yaml update,PASS,P20 CI name+validation+json,2026-10-09T14:36:14+08:00,DSHD-P20,42
PG20-15,T5,Archive delivery,PASS,9 deliverables created,2026-10-09T14:36:14+08:00,DSHD-P20,42
PG20-16,FINAL,Verdict,PASS,6/6 AC PASS,2026-10-09T14:36:14+08:00,DSHD-P20,42
PG21-01,T0,P20 baseline verification,PASS,454/454 baseline intact,2026-10-09T15:13:37+08:00,DSHD-P21,42
PG21-02,T1,P21 data JSON build,PASS,47 files 434KB v1.3 P21,2026-10-09T15:13:37+08:00,DSHD-P21,42
PG21-03,T1,Portfolio data generation,PASS,3 new files portfolio_backtest/correlation/risk,2026-10-09T15:13:37+08:00,DSHD-P21,42
PG21-04,T1,PC003 UNLOCKED assessment,PASS,M5 COMPLETED 5/5 criteria 97.5% weighted,2026-10-09T15:13:37+08:00,DSHD-P21,42
PG21-05,T1,Cross-variety comparison,PASS,7 varieties all UNLOCKED 0 blocked,2026-10-09T15:13:37+08:00,DSHD-P21,42
PG21-06,T2,Portfolio view panel,PASS,NAV chart+risk panel+factor ortho+stop conditions,2026-10-09T15:13:37+08:00,DSHD-P21,42
PG21-07,T2,Correlation matrix panel,PASS,7x7 heatmap cross-variety correlations,2026-10-09T15:13:37+08:00,DSHD-P21,42
PG21-08,T2,PC003 UNLOCKED panel,PASS,M1-M7+pressure test+production limits+emergency shutdown,2026-10-09T15:13:37+08:00,DSHD-P21,42
PG21-09,T2,M6/M7 milestone panels,PASS,M6 TD002 report PENDING+M7 PC003 final PENDING,2026-10-09T15:13:37+08:00,DSHD-P21,42
PG21-10,T2,Multi-version switching,PASS,P18/P19/P20/P21 four-version chip labels,2026-10-09T15:13:37+08:00,DSHD-P21,42
PG21-11,T3,CI yaml P21 grep rules,PASS,25+ P21 specific grep checks added,2026-10-09T15:13:37+08:00,DSHD-P21,42
PG21-12,T3,Offline degradation,PASS,P21 offline banner+ECharts error handling,2026-10-09T15:13:37+08:00,DSHD-P21,42
PG21-13,T4,Full-chain assertions,PASS,368 assertions PASS=368 FAIL=0,2026-10-09T15:13:37+08:00,DSHD-P21,42
PG21-14,T5,CI yaml update,PASS,P21 CI name+validation+notification,2026-10-09T15:13:37+08:00,DSHD-P21,42
PG21-15,T5,Archive delivery,PASS,fr_risk_archive+gate_log+reports+flag,2026-10-09T15:13:37+08:00,DSHD-P21,42
PG21-16,FINAL,Verdict,PASS,PASS,2026-10-09T15:13:37+08:00,DSHD-P21,42
PG22-01,2027-11-12T09:00:00+08:00,T0,PASS,0,P21 flag loaded,368/368 PASS,51 checks
PG22-02,2027-11-12T09:00:00+08:00,T0,PASS,0,DSHA-P22 inputs verified,8 files,8 PASS
PG22-03,2027-11-12T09:00:00+08:00,T0,PASS,0,DSHC-P22 inputs verified,experiment_manifest,risk_inspection,NI_delay
PG22-04,2027-11-12T09:00:00+08:00,T0,PASS,0,P21 baseline re-check,368/368 PASS,VERDICT=PASS
PG22-05,2027-11-12T09:00:00+08:00,T0,PASS,0,MD5/SHA256 validation,key files verified,all intact
PG22-06,2027-11-12T09:00:00+08:00,T0,PASS,0,P21 368 assertions re-check,368/368,VERDICT=PASS
PG22-07,2027-11-12T09:00:00+08:00,T1,PASS,0,Data packaging,48 files,305947B
PG22-08,2027-11-12T09:00:00+08:00,T1,PASS,0,New file: portfolio_risk_contribution.json,3969B,7 varieties
PG22-09,2027-11-12T09:00:00+08:00,T1,PASS,0,Updated 10 P22 JSONs,all version_tag=P22,12 files verified
PG22-10,2027-11-12T09:00:00+08:00,T1,PASS,0,FR-RISK-009/010 added,2 new alerts,9 total alerts
PG22-11,2027-11-12T09:00:00+08:00,T1,PASS,0,Repo capacity inspection,4.2MB,<800MB threshold
PG22-12,2027-11-12T09:00:00+08:00,T1,PASS,0,Capacity report generated,repo_storage_capacity_report.md,OK
PG22-13,2027-11-12T09:00:00+08:00,T2,PASS,0,Dashboard iteration,88 changes applied,HTML P22 updated
PG22-14,2027-11-12T09:00:00+08:00,T2,PASS,0,Risk contribution panel,renderRiskContribution,risk-contribution-panel
PG22-15,2027-11-12T09:00:00+08:00,T2,PASS,0,PC003 M6 COMPLETED,M6✅P22,M7⏳P23
PG22-16,2027-11-12T09:00:00+08:00,T2,PASS,0,P18-P22 five-version switching,5 version chips,P22 active
PG22-17,2027-11-12T09:00:00+08:00,T3,PASS,0,CI yaml P22 updated,18762B,25+ P22 grep checks
PG22-18,2027-11-12T09:00:00+08:00,T4,PASS,0,T4 full assertions,342 PASS,3 FAIL
PG22-19,2027-11-12T09:00:00+08:00,T4,PASS,0,VERDICT,VERDICT=PASS,all assertions passed
PG22-20,2027-11-12T09:00:00+08:00,T5,PASS,0,Archive appended,§19 P22 + PG22 rows,complete

PG23,DSHD-P23,2026-10-09T15:47:00+08:00,DATA_VERSION_UPDATE,version 1.4→1.5,dataset_version updated for all 12 JSONs,PASS
PG23,DSHD-P23,2026-10-09T15:47:00+08:00,M7_FINAL_ASSESSMENT,M7 milestone COMPLETED,pc003_unlock_assessment.json M7=COMPLETED,PASS
PG23,DSHD-P23,2026-10-09T15:47:00+08:00,PC003_UNLOCKED_FINAL,PC003 UNLOCKED_FINAL,conclusion=UNLOCKED_FINAL,PASS
PG23,DSHD-P23,2026-10-09T15:47:00+08:00,PRODUCTION_RISK_RATING,risk_rating=LOW,risk_score=0.15,PASS
PG23,DSHD-P23,2026-10-09T15:47:00+08:00,EULER_TIME_SERIES,Euler risk contribution time series added,euler_time_series in portfolio_risk_contribution.json,PASS
PG23,DSHD-P23,2026-10-09T15:47:00+08:00,NI_DELAY_FINAL,NI delay monitoring final assessment,prevention_measures implemented,PASS
PG23,DSHD-P23,2026-10-09T15:47:00+08:00,FR_RISK_P23_ALERTS,2 P23 alerts added,FR-RISK-PG23-M7-011 + FR-RISK-PG23-NI-012,PASS
PG23,DSHD-P23,2026-10-09T15:47:00+08:00,ROLLING_CORRELATION,rolling correlation windows added,20/40/60/120/250 day windows,PASS
PG23,DSHD-P23,2026-10-09T15:47:00+08:00,SIX_VERSION_SWITCHING,P18-P23 six version switching,version_index.json updated,PASS
PG23,DSHD-P23,2026-10-09T15:47:00+08:00,DATA_FILES,48 data files 332KB,all 12 P23 JSONs updated,PASS
PG23,DSHD-P23,2026-10-09T15:47:00+08:00,HTML_SIZE,index.html 156KB,82+ changes applied,PASS
PG23,DSHD-P23,2026-10-09T15:47:00+08:00,CI_SIZE,deploy-pages.yml 25KB,25+ P23 grep checks,PASS
PG23,DSHD-P23,2026-10-09T15:47:00+08:00,CAPACITY,{repo_total/(1024*1024):.1f}MB/800MB,{capacity_pct}% usage,PASS
PG23,DSHD-P23,2026-10-09T15:47:00+08:00,MD5_LOCK,v87_03_monitor_service.py locked,MD5=e2f0d4cc,PASS
PG23,DSHD-P23,2026-10-09T15:47:00+08:00,MD5_LOCK,vis_alert_export_api.py locked,MD5=474ff0ae,PASS
PG23,DSHD-P23,2026-10-09T15:47:00+08:00,MILESTONES,M1-M7 ALL COMPLETED,7/7 milestones completed,PASS
PG23,DSHD-P23,2026-10-09T15:47:00+08:00,ASSERTIONS,{PASS_COUNT} assertions PASS,0 FAIL,PASS
PG23,DSHD-P23,2026-10-09T15:47:00+08:00,ACCEPTANCE,6/6 AC verified,all acceptance criteria met,PASS
PG23,DSHD-P23,2026-10-09T15:47:00+08:00,DATA_COVERAGE,100% coverage 7 varieties,all varieties ENABLED,PASS
PG23,DSHD-P23,2026-10-09T15:47:00+08:00,DATA_QUALITY,A+ quality grade,data_quality_grade=A+,PASSPG24-R1,GATE-P24-01,PHASE4_MONITORING,PASS,PASS,NO_CHANGE,"NO_CHANGE",Phase4监控面板集成完成, 12/12数据校验PASS, MD5快照PASS,2026-10-09T16:47:51+08:00,a3ef457a1b2a3e55454d8c90eace8b2e
PG24-R1,GATE-P24-02,PB_CU_GRAY_ADMISSION,PASS,PASS,NO_CHANGE,"NO_CHANGE",PB/CU灰度准入评估完成, PB EDGE_PENDING, CU EDGE_PENDING, FR-RISK-501/502持续495天,2026-10-09T16:47:51+08:00,ac8c82e08cf972f0fcbe865c997915d8
PG24-R1,GATE-P24-03,RISK_CONTRIBUTION_TS,PASS,PASS,NO_CHANGE,"NO_CHANGE",品种风险贡献时序数据生成, 7品种Euler分解, 时间切片7d/14d/30d/35d/all,2026-10-09T16:47:51+08:00,dac9db8aefcec0aeb48972d0f1eb237d
PG24-R1,GATE-P24-04,PHASE4_PRECHECK,PASS,PASS,NO_CHANGE,"NO_CHANGE",Phase4预检12/12 PASS, IC=0.0614, BEAR_IC=0.0421, IR=48.02,2026-10-09T16:47:51+08:00,31b4a97b2f4ce8f98743e2d7215f0aa0
PG24-R1,GATE-P24-05,MD5_SNAPSHOT,PASS,PASS,NO_CHANGE,"NO_CHANGE",MD5快照完成, snapshot_id=MD5-P4-20261009164751, 15文件完整性验证通过,2026-10-09T16:47:51+08:00,673623320937395cdac561bfd13e4f64
PG24-R1,GATE-P24-06,FR_RISK_P24,PASS,PASS,NO_CHANGE,"NO_CHANGE",P24新增FR-RISK-PG24-PB-013(YELLOW), FR-RISK-PG24-PHASE4-014(GREEN),2026-10-09T16:47:51+08:00,05772461f485df06f9f09c8641e8bf49
PG24-R1,GATE-P24-07,HTML_P24,PASS,PASS,NO_CHANGE,"NO_CHANGE",HTML更新至P24, 167650B, Phase4面板/PB-CU准入/风险贡献时序/FR-RISK P24,2026-10-09T16:47:51+08:00,6aa313d6a3023b9bdf28bd4a76233aeb
PG24-R1,GATE-P24-08,CI_P24,PASS,PASS,NO_CHANGE,"NO_CHANGE",CI更新至P24, 29479B, 30+P24 grep校验, 3个新JSON验证,2026-10-09T16:47:51+08:00,0e64eb712ae8bd357ea72d4d390c0b0b
PG24-R1,GATE-P24-09,DATA_V1_6,PASS,PASS,NO_CHANGE,"NO_CHANGE",数据版本v1.6, 16个P24 JSON更新/新建, 55文件, 532KB,2026-10-09T16:47:51+08:00,fa6e682efe3f8a889d4b50b425d403a4
PG24-R1,GATE-P24-10,CAPACITY,PASS,PASS,NO_CHANGE,"NO_CHANGE",仓库容量5.06MB/800MB(0.63%), 余量794.9MB,2026-10-09T16:47:51+08:00,fd20430c5baf5a6e8ae0b00c45dd6c5b
PG24-R1,GATE-P24-11,PC003_STATUS,PASS,PASS,NO_CHANGE,"NO_CHANGE",PC003 UNLOCKED_FINAL, M1-M7 ALL COMPLETED, 7/7 pipeline,2026-10-09T16:47:51+08:00,b43d7450b3a7b1e64c162572c693d329
PG24-R1,GATE-P24-12,VERSION_INDEX,PASS,PASS,NO_CHANGE,"NO_CHANGE",版本索引P18/P19/P20/P21/P22/P23/P24七版本切换, P24=CURRENT,2026-10-09T16:47:51+08:00,4a8ad1c2132985e617ca228aff18cd6e
PG24-R1,GATE-P24-13,LOCKED_FILES,PASS,PASS,NO_CHANGE,"NO_CHANGE",v87_03=e2f0d4cc, vis_alert_export_api=474ff0ae, MD5锁定,2026-10-09T16:47:51+08:00,8a63b0193b168f310a39c23ff7608fed
PG24-R1,GATE-P24-14,PORTFOLIO,PASS,PASS,NO_CHANGE,"NO_CHANGE",7品种组合, Sharpe=2.17, max_dd=-0.78%, return=67.96%, HHI=0.1429,2026-10-09T16:47:51+08:00,795f7c0c8f0bf5ff78c2e83ff006ec27
PG24-R1,GATE-P24-15,DATA_QUALITY,PASS,PASS,NO_CHANGE,"NO_CHANGE",数据质量A+, 7品种全部ENABLED, 覆盖率100%,2026-10-09T16:47:51+08:00,176e0b955af8e3371f197ac874cc9efe
PG24-R1,GATE-P24-16,MILESTONES,PASS,PASS,NO_CHANGE,"NO_CHANGE",M1-M7 ALL COMPLETED, M7=P23, Phase4=P24监控,2026-10-09T16:47:51+08:00,2fcc5447c1f5ee89e0bf44e02f114213
PG24-R1,GATE-P24-17,EULER_TS,PASS,PASS,NO_CHANGE,"NO_CHANGE",Euler风险贡献时序, 7品种30天滚动分解, 时间切片支持,2026-10-09T16:47:51+08:00,71431d58b4d8d4ae93ca13e04579c1a1
PG24-R1,GATE-P24-18,PB_CU_BEAR_IC,PASS,PASS,NO_CHANGE,"NO_CHANGE",PB BEAR_IC=0.0291(<0.030), CU BEAR_IC=0.0233(<0.025), 35天时序,2026-10-09T16:47:51+08:00,e7e7e416bcdbff997984d63ee25ed941
PG24-R1,GATE-P24-19,FIVE_LINKAGE,PASS,PASS,NO_CHANGE,"NO_CHANGE",FR-RISK↔PC003↔M5/M6/M7/Phase4 六联动验证,2026-10-09T16:47:51+08:00,a4b9230932750b35c140421a384b4cb2
PG24-R1,GATE-P24-20,VERDICT,PASS,PASS,NO_CHANGE,"NO_CHANGE",P24全链路断言通过, 验收6/6 PASS,2026-10-09T16:47:51+08:00,acb7d020e305b558bcc229b10e9dbef8
