date,alpha_with_f19_f20,alpha_without_f19_f20,alpha_diff,top_driving_factor
2026-01-16,-0.017,-0.015,-0.002,F01
2026-05-22,0.049,0.0402,0.0088,F12
2026-01-12,0.038,0.0334,0.0046,F16
2026-02-27,0.02,0.0176,0.0024,F15
2026-11-12,0.046,0.0345,0.0115,F07
2026-02-06,0.005,0.0036,0.0014,F10
2026-11-18,0.035,0.0252,0.0098,F03
2026-03-10,-0.011,-0.0091,-0.0019,F02
2026-11-16,0.027,0.0213,0.0057,F07
2026-06-09,-0.023,-0.0161,-0.0069,F13
2026-08-13,0.029,0.022,0.007,F05
2026-07-14,0.044,0.0326,0.0114,F14
2026-06-10,-0.029,-0.0203,-0.0087,F16
2026-07-21,0.046,0.0391,0.0069,F14
2026-08-31,-0.014,-0.0112,-0.0028,F10
2026-05-20,0.042,0.0302,0.0118,F17
2026-01-28,0.021,0.0151,0.0059,F20
2026-04-27,0.021,0.0172,0.0038,F20
2026-04-24,0.044,0.033,0.011,F12
2026-10-26,0.01,0.0083,0.0017,F10
2026-03-02,-0.026,-0.0218,-0.0042,F11
2026-03-26,-0.003,-0.0024,-0.0006,F07
2026-01-29,0.047,0.0414,0.0056,F05
2026-10-12,-0.014,-0.0122,-0.0018,F09
2026-05-18,0.043,0.0361,0.0069,F03
2026-04-07,-0.002,-0.0017,-0.0003,F09
2026-06-10,-0.022,-0.0194,-0.0026,F01
2026-05-28,0.021,0.0174,0.0036,F02
2026-06-23,-0.02,-0.0148,-0.0052,F17
2026-11-13,-0.013,-0.0109,-0.0021,F02
2026-03-03,0.036,0.0302,0.0058,F02
2026-07-09,0.011,0.008,0.003,F18
2026-07-08,0.01,0.0082,0.0018,F10
2026-08-12,0.025,0.0192,0.0058,F10
2026-03-25,-0.007,-0.0062,-0.0008,F08
2026-10-08,0.003,0.0024,0.0006,F05
2026-10-20,-0.01,-0.0076,-0.0024,F08
2026-03-06,0.031,0.0264,0.0046,F08
2026-03-27,0.019,0.015,0.004,F07
2026-11-02,0.023,0.0205,0.0025,F10
2026-01-14,0.014,0.0102,0.0038,F06
2026-09-15,0,0,0,F16
2026-04-14,0.025,0.022,0.003,F01
2026-02-10,0.02,0.0178,0.0022,F04
2026-06-15,-0.026,-0.0221,-0.0039,F14
2026-02-26,-0.011,-0.009,-0.002,F14
2026-08-27,-0.015,-0.0111,-0.0039,F09
2026-04-29,0.003,0.0023,0.0007,F02
2026-07-13,0.005,0.0042,0.0008,F09
2026-01-09,0.016,0.0128,0.0032,F04
