date,F01_contrib,F02_contrib,F03_contrib,F04_contrib,F05_contrib,F06_contrib,F07_contrib,F08_contrib,F09_contrib,F10_contrib,F11_contrib,F12_contrib,F13_contrib,F14_contrib,F15_contrib,F16_contrib,F17_contrib,F18_contrib,F19_contrib,F20_contrib,total_alpha,top3_factors
2026-08-18,0.002,-0.001,-0.005,-0.003,0.004,0.009,-0.007,-0.008,0.009,-0.009,-0.001,-0.001,0.005,0.003,-0.003,-0.008,-0.005,-0.002,-0.003,0.007,-0.017,F01;F02;F03
2026-04-08,0,-0.006,-0.006,-0.008,-0.002,-0.002,-0.001,0,-0.002,0.006,0.004,-0.007,-0.009,0.009,-0.003,0.004,0.003,0.003,0.007,-0.006,-0.016,F01;F02;F03
2026-01-30,-0.009,0.008,0.009,0.006,0.009,-0.003,0.001,0.004,-0.007,0.003,-0.006,-0.003,-0.003,-0.004,-0.009,-0.008,-0.008,0.008,-0.002,-0.002,-0.016,F01;F02;F03
2026-04-23,-0.004,0.005,0,0.005,0.006,0.002,0.007,-0.003,0.001,0.003,-0.009,0,-0.001,0.002,0.002,-0.009,-0.003,0.008,0.003,-0.006,0.009,F01;F02;F03
2026-06-15,-0.001,0.005,-0.005,0,-0.007,-0.003,0.002,0.004,0.006,-0.002,-0.008,0,0.002,0.001,0.008,0.002,0.008,0.002,0.007,-0.002,0.019,F01;F02;F03
2026-03-26,0,-0.006,-0.007,0.002,0.009,-0.005,-0.006,0.002,0.001,0.001,0.004,-0.001,-0.001,-0.01,0.004,-0.009,0.006,-0.006,-0.001,-0.009,-0.032,F01;F02;F03
2026-05-07,0.006,-0.003,-0.004,-0.001,-0.001,0.009,-0.006,0.003,0.001,-0.003,0.004,-0.006,0.007,0,-0.001,0.003,-0.009,0.004,-0.001,-0.01,-0.008,F01;F02;F03
2026-02-06,0.007,0.003,0.005,-0.008,-0.01,0.007,-0.004,0.009,0.008,0.005,0.003,-0.004,0.006,0.008,-0.01,-0.01,0.001,-0.004,0.009,0.004,0.025,F01;F02;F03
2026-03-12,0.004,-0.01,0.001,0.001,0.002,0.007,0.007,-0.008,-0.009,-0.008,-0.008,-0.003,-0.004,-0.009,0.008,-0.005,0.006,0.006,-0.008,-0.002,-0.032,F01;F02;F03
2026-07-08,-0.01,0.009,-0.006,0.004,0.007,0.004,0.002,-0.01,-0.01,-0.006,-0.006,0.004,0,0.008,-0.01,-0.006,0.009,0,-0.007,0,-0.024,F01;F02;F03
2026-04-13,0.004,0.007,0.004,-0.004,-0.006,-0.009,-0.006,-0.006,0.005,-0.005,0.007,0.004,-0.007,0.007,-0.004,0,0.003,0.002,-0.01,-0.001,-0.015,F01;F02;F03
2026-09-29,-0.005,-0.008,-0.009,0.002,0.009,-0.009,0.007,-0.005,-0.003,0.003,-0.005,0.005,0.006,-0.002,0.007,-0.01,0.008,-0.004,-0.004,0.008,-0.009,F01;F02;F03
2026-06-23,0.001,0.002,0.008,-0.009,0.003,0.001,-0.007,-0.003,-0.001,0.006,-0.006,0.002,0.001,0,-0.004,-0.008,0.006,-0.009,0.005,0.001,-0.011,F01;F02;F03
2026-08-27,-0.008,-0.005,0.004,0.004,0.001,0.006,0.003,-0.006,0.002,-0.005,-0.005,0.008,0.009,-0.007,-0.006,0.006,-0.003,0.003,-0.008,-0.01,-0.017,F01;F02;F03
2026-06-08,0.009,-0.005,0.004,0.001,0.002,0.006,-0.007,0.007,0.002,-0.006,-0.009,-0.01,-0.009,-0.005,-0.001,-0.004,0,0.001,-0.002,-0.004,-0.030,F01;F02;F03
2026-10-30,-0.001,0.005,0,0.001,0,-0.003,-0.008,0.007,0.007,0.008,0.003,-0.006,-0.003,0.008,-0.003,0.006,-0.01,0.002,0.008,0.007,0.028,F01;F02;F03
2026-07-27,0.002,-0.008,0.008,-0.009,-0.004,-0.005,-0.006,0.009,0.006,-0.008,0,0,0.008,-0.009,0.002,0.006,-0.005,0.008,-0.007,-0.001,-0.013,F01;F02;F03
2026-08-28,-0.008,-0.007,0.007,-0.01,-0.001,-0.004,-0.001,0.008,-0.006,-0.001,0.004,0.009,0.008,-0.01,-0.006,-0.01,-0.004,-0.006,0.009,-0.009,-0.038,F01;F02;F03
2026-05-13,0.003,0.008,-0.001,-0.006,-0.01,-0.006,-0.003,-0.001,-0.003,0.009,-0.008,0.003,0.002,-0.01,0.005,-0.002,0.007,-0.007,-0.001,-0.005,-0.026,F01;F02;F03
2026-06-19,-0.006,-0.003,0,0.003,-0.005,0.003,-0.006,0.007,-0.001,0.008,-0.008,0.002,-0.007,0.002,0.005,0.001,0.009,0,-0.009,-0.005,-0.010,F01;F02;F03
2026-08-13,0.009,0.009,-0.007,0.009,0.002,0.009,0.008,0.004,-0.004,0.002,0.005,-0.006,0.006,-0.005,-0.01,-0.009,-0.002,-0.009,0.009,-0.006,0.014,F01;F02;F03
2026-04-15,0.008,-0.006,-0.009,0.002,0,-0.002,0,0,-0.001,0.006,-0.008,-0.007,0.001,-0.006,-0.01,-0.008,0.001,-0.008,-0.004,-0.008,-0.059,F01;F02;F03
2026-06-23,0,-0.002,-0.01,0.003,-0.004,-0.006,0.002,0.005,0.006,0,-0.004,-0.008,-0.008,0,-0.001,0.003,-0.006,0.002,0.001,-0.001,-0.028,F01;F02;F03
2026-09-22,0.002,-0.003,-0.007,0.007,-0.008,-0.01,-0.003,0.008,0.005,0,-0.01,0.001,0.008,0.008,0.007,0.003,-0.003,-0.002,-0.007,-0.002,-0.006,F01;F02;F03
2026-04-02,-0.006,-0.004,-0.003,-0.002,-0.007,-0.006,0.007,-0.006,0.008,0.005,-0.005,-0.001,0.009,0.008,-0.006,-0.006,0.001,0.005,-0.003,0.001,-0.011,F01;F02;F03
2026-02-26,0.003,-0.006,0.002,-0.009,-0.008,0.002,-0.007,0.001,0.006,0.004,-0.005,-0.009,-0.009,-0.006,0.003,0.006,-0.007,-0.009,0,0.007,-0.041,F01;F02;F03
2026-04-17,-0.009,-0.009,0.007,0,-0.002,-0.009,0.003,-0.006,-0.009,-0.003,-0.001,-0.001,0.007,0,-0.007,0.007,0.004,0.008,0.002,-0.006,-0.024,F01;F02;F03
2026-10-19,-0.006,-0.009,0.001,0.004,0.005,0.002,0.004,0.003,0.002,-0.005,0.008,-0.007,0.005,0.009,-0.003,0.006,0.003,-0.009,0.007,0.001,0.021,F01;F02;F03
2026-07-08,0.009,-0.006,0.003,-0.009,-0.01,-0.006,-0.006,0.005,0.005,0.007,0.006,0.005,-0.008,-0.008,-0.004,0.008,0.003,-0.004,-0.008,0.003,-0.015,F01;F02;F03
2026-11-16,-0.006,0.002,-0.004,-0.01,-0.004,-0.002,0.007,0.002,-0.001,-0.001,0.004,0.002,-0.003,0.008,0.003,-0.002,0.006,-0.001,-0.005,-0.009,-0.014,F01;F02;F03
2026-11-04,-0.007,0.004,-0.01,0.004,-0.007,-0.008,0.007,0.008,0,0.002,-0.002,-0.003,-0.01,-0.01,-0.009,-0.005,-0.003,-0.009,0.002,-0.007,-0.063,F01;F02;F03
2026-01-26,0.004,0.009,0,-0.006,0.001,0,0.009,0.008,-0.001,0.005,0.006,-0.001,0.003,0.001,0.006,-0.008,-0.006,-0.01,0.004,-0.004,0.020,F01;F02;F03
2026-04-01,-0.004,-0.002,0.006,0.007,-0.007,-0.002,-0.009,-0.009,-0.009,0.002,-0.002,-0.001,-0.003,-0.004,0,-0.01,0.004,0,-0.007,0.009,-0.041,F01;F02;F03
2026-09-30,-0.005,-0.003,-0.007,0,-0.009,0.005,-0.01,-0.007,-0.006,-0.006,-0.003,0.008,0.009,-0.006,0.005,-0.001,0,0.008,-0.008,-0.001,-0.037,F01;F02;F03
2026-05-25,-0.005,0.005,-0.006,-0.001,-0.006,-0.005,-0.003,-0.003,0.005,0.002,-0.001,0.001,-0.008,-0.009,0.008,-0.006,-0.005,0.002,-0.005,-0.001,-0.041,F01;F02;F03
2026-06-18,-0.003,0.009,-0.005,0.005,0.006,-0.009,0.005,0.002,-0.008,0.008,0.008,0.007,0.005,-0.007,0.009,0.005,-0.006,0.004,0.003,-0.004,0.034,F01;F02;F03
2026-06-23,0.007,0.003,-0.01,-0.009,-0.01,0.001,0.001,-0.005,0.004,-0.006,0.002,0,-0.009,-0.003,0.005,0.002,0.003,0.005,-0.003,-0.009,-0.031,F01;F02;F03
2026-05-22,0.009,0,-0.003,0.007,0.005,0.007,-0.005,0,0.002,-0.004,0,-0.006,0,0,0.005,0.006,-0.009,0.005,-0.001,-0.008,0.010,F01;F02;F03
2026-07-17,0.004,-0.009,0.006,0.007,-0.007,0.004,0.007,0.008,0.005,-0.003,-0.005,-0.006,-0.001,0.006,-0.007,0.005,0.001,-0.005,0.001,0.006,0.017,F01;F02;F03
2026-07-16,0.003,0.001,0.009,0.004,0.004,-0.001,0.009,0.007,0.007,-0.009,-0.001,0,-0.002,0.004,0.008,0.001,0.007,-0.008,0.003,0.001,0.047,F01;F02;F03
2026-03-13,0,-0.001,0.006,0,-0.007,0.008,-0.01,0.001,-0.01,0.003,0.008,-0.006,-0.01,-0.002,-0.006,0.001,0.005,0.002,-0.002,-0.001,-0.021,F01;F02;F03
2026-08-10,0.007,0.003,-0.004,-0.001,-0.007,0.009,-0.01,-0.002,0.007,-0.006,-0.001,0.004,-0.004,-0.01,-0.002,-0.006,0.002,-0.01,0.001,-0.005,-0.035,F01;F02;F03
2026-11-17,-0.002,-0.009,-0.004,-0.009,0.005,0.007,-0.003,0.002,-0.002,0.001,0.004,0.004,-0.006,-0.005,0.002,0.009,0.005,-0.002,-0.006,0.007,-0.002,F01;F02;F03
2026-06-10,0.004,0.001,-0.001,-0.006,0.001,0.009,0.008,0.004,-0.007,-0.006,0.001,0.008,0.009,-0.002,-0.005,0.002,-0.004,-0.006,-0.01,0.007,0.007,F01;F02;F03
2026-08-28,0.009,0.008,0.003,-0.01,-0.006,0.004,0,-0.001,-0.006,-0.001,0.005,-0.005,0.008,-0.002,-0.004,0.003,0.008,-0.002,-0.008,-0.006,-0.003,F01;F02;F03
2026-08-27,-0.01,-0.008,-0.007,-0.003,0.007,0.009,-0.004,0.006,0.008,0.008,-0.001,0.002,0.006,-0.007,0.008,0.009,0.004,0.007,-0.01,0.008,0.032,F01;F02;F03
2026-05-12,-0.003,-0.002,0.006,0.009,-0.007,0.001,-0.005,-0.002,0.005,-0.008,0.004,0.002,0.008,-0.001,-0.009,-0.009,0.003,0.007,0.008,-0.006,0.001,F01;F02;F03
2026-08-25,0.004,0.007,-0.009,0.008,0,-0.002,-0.005,0.004,-0.001,0,0.009,-0.007,-0.004,-0.005,-0.008,-0.002,0.009,-0.003,0,0.007,0.002,F01;F02;F03
2026-01-08,-0.007,0.006,-0.009,-0.003,-0.01,0.009,0.005,0.008,0.004,-0.006,-0.009,-0.005,-0.009,-0.003,-0.001,-0.004,0.007,-0.007,0.004,-0.003,-0.033,F01;F02;F03
2026-01-16,-0.004,0.003,-0.002,-0.009,-0.008,-0.001,-0.007,-0.006,-0.009,-0.001,-0.007,-0.01,0,-0.007,-0.01,-0.007,-0.009,-0.009,0.001,-0.007,-0.109,F01;F02;F03
