date,open,high,low,close,volume,turnover,amplitude,change_pct
2026-01-01,77879.1,78034.86,77602.68,77758.2,50011,3888765340.2,0.5541,-0.31
2026-01-02,77649.34,77726.99,77075.24,77540.48,54087,4193931941.76,0.8382,-0.28
2026-01-05,77780.86,78333.31,77469.74,78021.23,91819,7163831317.37,1.1137,0.62
2026-01-06,78013.43,78169.46,77459.59,78005.63,135061,10535518393.43,0.9098,-0.02
2026-01-07,77869.12,78180.6,77343.95,77732.61,92684,7204569225.24,1.0726,-0.35
2026-01-08,77849.21,78511.57,77693.51,77965.81,131967,10288914048.27,1.0524,0.3
2026-01-09,78215.3,78543.25,78058.87,78464.79,126556,9930189963.24,0.6213,0.64
2026-01-12,78574.64,78920.54,78181.77,78684.49,79590,6262498559.1,0.9415,0.28
2026-01-13,78448.44,78683.79,77821.32,78212.38,54434,4257412692.92,1.0961,-0.6
2026-01-14,78102.88,78649.6,77447.44,77993.39,32612,2543520434.68,1.537,-0.28
2026-01-15,77973.89,78129.84,77486.66,77954.39,108944,8492663064.16,0.8247,-0.05
2026-01-16,77981.67,78164.98,77903.69,78008.96,91166,7111764847.36,0.3352,0.07
2026-01-19,78278.09,78939.96,77964.98,78547.22,63784,5010055880.48,1.2498,0.69
2026-01-20,78759.3,79366.23,78286.74,78971.37,90176,7121322261.12,1.3743,0.54
2026-01-21,78773.94,79089.04,78105.05,78576.51,76376,6001359527.76,1.246,-0.5
2026-01-22,78529.36,78764.95,78246.77,78482.22,136022,10675308528.84,0.6595,-0.12
2026-01-23,78607.79,78890.83,78293.36,78733.36,64473,5076175919.28,0.7613,0.32
2026-01-26,78745.17,79072.01,78351.44,78756.98,87341,6878713390.18,0.9152,0.03
2026-01-27,78556.15,78791.82,78041.9,78355.32,89197,6989059478.04,0.9522,-0.51
2026-01-28,78637.4,78998.4,78086.94,78919.48,58162,4590114795.76,1.1632,0.72
2026-01-29,78998.4,79630.86,78840.4,79077.32,74427,5885487695.64,1.0016,0.2
2026-01-30,78903.35,79297.87,78335.73,78729.38,105997,8345078091.86,1.2167,-0.44
2026-02-02,78532.56,78768.16,78257.39,78335.73,91391,7159180700.43,0.6488,-0.5
2026-02-03,78433.65,78610.1,78276.78,78531.57,102554,8053726629.78,0.4255,0.25
2026-02-04,78331.31,78722.97,77974.8,78131.06,129172,10092345282.32,0.9527,-0.51
2026-02-05,78248.26,78443.82,77700.52,78365.45,87984,6894905752.8,0.9514,0.3
2026-02-06,78279.25,78357.53,77723.89,78193.05,95666,7480416321.3,0.8086,-0.22
2026-02-09,78228.24,78811.26,77680.64,78263.42,111894,8757207117.48,1.4459,0.09
2026-02-10,78478.64,79008.65,78164.73,78693.87,36211,2849583726.57,1.0783,0.55
2026-02-11,78650.59,78886.54,78450.1,78607.31,113622,8931519776.82,0.5546,-0.11
2026-02-12,78461.89,78775.74,78238.14,78316.46,71903,5631188423.38,0.6839,-0.37
2026-02-13,78347.79,78771.01,78112.75,78379.11,58762,4605713261.82,0.8405,0.08
2026-02-16,78234.11,78390.58,77776.75,78089.11,126319,9864138286.09,0.7832,-0.37
2026-02-17,78311.66,78691.29,77920.1,78534.22,140658,11046466316.76,0.9876,0.57
2026-02-18,78824.8,79431.83,78667.15,79115.37,111711,8838057098.07,0.9737,0.74
2026-02-19,79226.13,79892.25,79067.68,79336.89,33890,2688727202.1,1.0422,0.28
2026-02-20,79578.87,80379.6,79419.71,79820.85,30177,2408753790.45,1.2099,0.61
2026-02-23,79800.89,80199.89,79701.16,79780.94,32158,2565595468.52,0.6248,-0.05
2026-02-24,79896.62,80172.32,79417.24,80012.3,138524,11083623845.2,0.9464,0.29
2026-02-25,80084.31,80637.26,79683.89,80156.32,104704,8392687329.28,1.1915,0.18
2026-02-26,80352.7,80710.19,80191.99,80549.09,134219,10811218310.71,0.6465,0.49
2026-02-27,80625.61,80863.53,80061.23,80702.13,74403,6004480578.39,0.996,0.19
2026-03-02,80460.02,80862.32,80057.48,80217.92,147165,11805270196.8,0.9973,-0.6
2026-03-03,80233.96,80330.26,80073.49,80250.01,54644,4385181546.44,0.3201,0.04
2026-03-04,80017.28,80497.38,79226.07,79784.56,120275,9596087954,1.5842,-0.58
2026-03-05,80007.96,80632.51,79687.93,80231.35,148692,11929759894.2,1.1839,0.56
2026-03-06,80287.51,80825.73,80126.93,80343.67,40411,3246768048.37,0.871,0.14
2026-03-09,80166.91,80327.24,79910.17,79990.16,98052,7843195168.32,0.5191,-0.44
2026-03-10,80090.15,80751.47,79849.88,80190.14,120190,9638052926.6,1.1271,0.25
2026-03-11,80178.11,80418.64,79685.08,80166.08,54098,4336824595.84,0.9148,-0.03
2026-03-12,80446.66,81130.88,80124.87,80727.24,64350,5194797894,1.2549,0.7
2026-03-13,80658.62,81223.23,80348.23,80590,38771,3124554890,1.0839,-0.17
2026-03-16,80392.55,80553.34,79794.13,80195.11,34674,2780685244.14,0.9421,-0.49
2026-03-17,80403.62,81015.18,80323.22,80612.12,63140,5089849256.8,0.8628,0.52
2026-03-18,80495.23,80656.22,79976.45,80378.34,76565,6154167602.1,0.8433,-0.29
2026-03-19,80177.39,80578.28,79816.5,79976.45,104683,8372174715.35,0.9477,-0.5
2026-03-20,80292.36,81172.52,80051.48,80608.26,122825,9900709534.5,1.4017,0.79
2026-03-23,80414.8,80897.29,79659.79,80221.34,121891,9778259353.94,1.5352,-0.48
2026-03-24,80012.76,80492.84,79724.39,79804.19,80650,6436207923.5,0.9579,-0.52
2026-03-25,79668.52,79748.19,78976.13,79532.86,111919,8901238158.34,0.9674,-0.34
2026-03-26,79548.77,79644.23,79310.12,79564.67,48273,3840825314.91,0.4201,0.04
2026-03-27,79592.52,79859.23,79035.37,79620.37,67380,5364820530.6,1.0355,0.07
2026-03-30,79584.54,79743.71,79310.06,79548.71,64879,5161040756.09,0.5446,-0.09
2026-03-31,79493.03,79572.52,79357.9,79437.34,81186,6449199885.24,0.2698,-0.14
2026-04-01,79282.44,79599.57,78573.64,79127.53,117257,9278256785.21,1.2915,-0.39
2026-04-02,78902.02,79454.33,78597.82,78676.5,47260,3718251390,1.0824,-0.57
2026-04-03,78656.83,78971.46,78479.89,78637.16,102407,8052995644.12,0.6248,-0.05
2026-04-06,78452.36,78766.17,77876.23,78267.57,114172,8935965002.04,1.1317,-0.47
2026-04-07,78067.99,78224.13,77790.54,77868.41,78984,6150358495.44,0.554,-0.51
2026-04-08,77642.59,78030.8,77261.94,77416.77,31689,2453260024.53,0.9874,-0.58
2026-04-09,77289.03,77752.76,77084.13,77161.29,59282,4574275593.78,0.8637,-0.33
2026-04-10,77408.21,78198.71,77253.39,77655.12,40996,3183549299.52,1.2251,0.64
2026-04-13,77596.88,77984.86,77150.95,77538.64,89290,6923425165.6,1.0739,-0.15
2026-04-14,77317.65,77704.24,76942.48,77096.67,107417,8281493001.39,0.9824,-0.57
2026-04-15,77262.43,77892.76,77030.64,77428.19,112072,8677532109.68,1.1182,0.43
2026-04-16,77726.29,78570.56,77493.11,78024.39,126878,9899578554.42,1.3915,0.77
2026-04-17,78055.6,78242.98,77743.38,78086.81,121318,9473335615.58,0.6403,0.08
2026-04-20,78301.55,78830.36,77831.74,78516.29,129252,10148387515.08,1.2789,0.55
2026-04-21,78563.4,79003.56,78013.46,78610.51,35770,2811897942.7,1.261,0.12
2026-04-22,78398.26,78555.06,77638.71,78186.01,91414,7147295918.14,1.1657,-0.54
2026-04-23,78256.38,78875.03,78099.87,78326.74,63598,4981424010.52,0.9914,0.18
2026-04-24,78232.75,78702.15,77591.79,78138.76,35016,2736106820.16,1.4176,-0.24
2026-04-27,78177.83,78686.2,78021.47,78216.9,41797,3269231769.3,0.8507,0.1
2026-04-28,78040.91,78118.95,77787.06,77864.92,58267,4536955293.64,0.4243,-0.45
2026-04-29,77635.22,78023.4,76863.68,77405.52,68286,5285713338.72,1.4894,-0.59
2026-04-30,77312.63,77621.88,76988.09,77219.75,117690,9087992377.5,0.8188,-0.24
2026-05-01,77378.05,78079.1,76991.16,77536.35,59431,4608062816.85,1.4089,0.41
2026-05-04,77493.71,77571.2,77373.61,77451.06,82190,6365702621.4,0.2548,-0.11
2026-05-05,77691.16,78242.99,77535.78,77931.26,145582,11345388693.32,0.9131,0.62
2026-05-06,78098.81,78657.69,77942.61,78266.36,118094,9242787517.84,0.9176,0.43
2026-05-07,78516.81,79161.1,78202.74,78767.26,44412,3498211551.12,1.2245,0.64
2026-05-08,78901.16,79272.18,78506.65,79035.07,33437,2642695635.59,0.9719,0.34
2026-05-11,78884.9,79358.21,78419.8,78734.74,78110,6149970541.4,1.1873,-0.38
2026-05-12,78967.01,79516.07,78730.11,79199.27,93573,7410913291.71,0.9982,0.59
2026-05-13,79484.39,80248.12,79245.94,79769.5,83981,6699122379.5,1.2654,0.72
2026-05-14,79881.18,80152.84,79721.42,79992.85,81698,6535255859.3,0.5408,0.28
2026-05-15,80024.85,80136.9,79944.83,80056.84,121872,9756687204.48,0.2401,0.08
2026-05-18,79864.7,80423.75,79353.88,79672.57,95267,7590166726.19,1.3364,-0.48
2026-05-19,79891.67,80431.21,79811.78,80110.77,146459,11732943263.43,0.7775,0.55
2026-05-20,79958.56,80518.27,79407.32,79806.35,61299,4892049448.65,1.3868,-0.38
2026-05-21,79981.92,80558.29,79582.01,80157.5,43664,3499997080,1.2233,0.44
2026-05-22,79977.15,80217.08,79477.6,79796.79,119866,9564922030.14,0.9225,-0.45
2026-05-25,79653.16,79971.77,79350.5,79509.52,139306,11076153193.12,0.7786,-0.36
2026-05-26,79600.96,80170.54,79202.96,79692.39,81136,6465921755.04,1.2169,0.23
2026-05-27,79831.85,80291.2,79512.52,79971.31,67499,5397983453.69,0.9771,0.35
2026-05-28,79803.37,80202.39,79555.79,79635.43,91074,7252717151.82,0.8085,-0.42
2026-05-29,79894.25,80313.37,79494.78,80153.06,75848,6079449294.88,1.0279,0.65
2026-06-01,80441.61,80810.89,79958.96,80730.16,54320,4385262291.2,1.0629,0.72
2026-06-02,80629.25,81032.4,80125.69,80528.33,123860,9974238953.8,1.1231,-0.25
2026-06-03,80802.13,81481.3,80559.72,81075.92,122117,9900748122.64,1.1444,0.68
2026-06-04,81266.45,82027.18,80778.85,81456.98,115741,9427912322.18,1.5397,0.47
2026-06-05,81522.15,81750.48,81359.11,81587.31,57989,4731166519.59,0.4805,0.16
2026-06-08,81501.64,81583.14,81008.9,81415.98,41445,3374285291.1,0.7038,-0.21
2026-06-09,81472.97,81937.61,81228.55,81529.96,99166,8085000013.36,0.8709,0.14
2026-06-10,81574.8,81864.5,81330.08,81619.64,31277,2552817480.28,0.6555,0.11
2026-06-11,81374.78,81863.03,80886.53,81129.92,147748,11986783420.16,1.1964,-0.6
2026-06-12,81430.1,82138.93,81022.95,81730.28,92096,7527031866.88,1.3755,0.74
2026-06-15,81812.01,82221.31,81239.33,81893.74,75631,6193705449.94,1.2015,0.2
2026-06-16,81770.9,81934.44,81158.17,81648.06,121679,9934854292.74,0.9479,-0.3
2026-06-17,81917.5,82351.31,81671.75,82186.94,37622,3092037056.68,0.8323,0.66
2026-06-18,81993.8,82403.77,81391.66,81800.66,65244,5337002261.04,1.2315,-0.47
2026-06-19,81886.55,82546.25,81640.89,81972.44,80183,6572796156.52,1.1068,0.21
2026-06-22,81816.69,82225.77,81497.62,81660.94,47275,3860520938.5,0.8883,-0.38
2026-06-23,81554.78,81717.89,81367.17,81448.62,51757,4215536225.34,0.4295,-0.26
2026-06-24,81379.39,81786.29,81228.85,81310.16,36240,2946680198.4,0.6844,-0.17
2026-06-25,81297.96,81379.26,81204.48,81285.77,122594,9965147687.38,0.215,-0.03
2026-06-26,81460.53,81716.94,81297.61,81635.3,79375,6479801937.5,0.5159,0.43
2026-06-29,81582.24,82071.73,81447.64,81529.17,135104,11014916983.68,0.7645,-0.13
2026-06-30,81292.74,81455.33,80732.07,81056.3,71500,5795525450,0.8871,-0.58
2026-07-01,81129.25,81608.21,80804.73,81202.2,112257,9115515365.4,0.9913,0.18
2026-07-02,80991.07,81072.06,80376.05,80779.95,66370,5361365281.5,0.8571,-0.52
2026-07-03,81038.45,81540.83,80795.33,81296.94,42499,3455038653.06,0.9229,0.64
2026-07-06,81500.18,81785.12,81337.18,81703.42,70237,5738603110.54,0.551,0.5
2026-07-07,81499.16,81743.66,80969.72,81294.9,145987,11867998566.3,0.9473,-0.5
2026-07-08,81177.02,81258.2,80734.9,81059.14,42546,3448742170.44,0.6437,-0.29
2026-07-09,81205.05,81839.06,80636.61,81350.95,81270,6611391706.5,1.4834,0.36
2026-07-10,81452.64,81798.99,81045.38,81554.33,130594,10650506172.02,0.9264,0.25
2026-07-13,81407.53,81733.16,80773.17,81260.73,84609,6875389104.57,1.1771,-0.36
2026-07-14,81049.45,81130.5,80514.82,80838.17,119358,9648682294.86,0.7577,-0.52
2026-07-15,80890.71,81105.15,80324.48,80943.26,89925,7278822655.5,0.9657,0.13
2026-07-16,81238.7,81615.68,80670.03,81534.15,127256,10375709792.4,1.1683,0.73
2026-07-17,81737.99,82187.65,81574.51,81941.82,32689,2678596153.98,0.752,0.5
2026-07-20,81765.65,81929.18,81018.34,81589.47,139580,11388258222.6,1.1116,-0.43
2026-07-21,81516.04,82005.14,80953.95,81442.61,101471,8264063079.31,1.2884,-0.18
2026-07-22,81336.73,81824.75,80905.94,81230.86,78895,6408708699.7,1.1282,-0.26
2026-07-23,81104.95,81267.16,80898.06,80979.04,87270,7067040820.8,0.4544,-0.31
2026-07-24,80784.69,81188.61,80026.21,80590.34,95986,7735544375.24,1.4354,-0.48
2026-07-27,80674.96,80921.1,80271.59,80759.58,90557,7313345286.06,0.8059,0.21
2026-07-28,80646.52,80888.46,80130.78,80533.45,102674,8268691445.3,0.9382,-0.28
2026-07-29,80585.8,80880.05,80505.21,80638.14,71268,5746918961.52,0.4654,0.13
2026-07-30,80662.33,81170.64,80178.36,80686.52,45498,3671075286.96,1.2305,0.06
2026-07-31,80678.45,81081.84,80347.7,80670.38,133514,10770625115.32,0.9099,-0.02
2026-08-03,80726.85,80864.1,80242.49,80783.32,51534,4163087612.88,0.7706,0.14
2026-08-04,80545.01,81028.28,79985.47,80306.7,119968,9634234185.6,1.2909,-0.59
2026-08-05,80298.67,80700.16,80210.35,80290.64,50994,4094340896.16,0.6099,-0.02
2026-08-06,80170.2,80490.88,79569.47,80049.77,130149,10418397515.73,1.1476,-0.3
2026-08-07,79949.71,80429.41,79290.7,79849.65,120578,9628111097.7,1.4225,-0.25
2026-08-10,79881.59,79993.44,79482.18,79913.53,86611,6921390746.83,0.6403,0.08
2026-08-11,80213.21,80593.39,80133,80512.88,117988,9499553685.44,0.5761,0.75
2026-08-12,80762.47,81093.07,80681.71,81012.06,80127,6491253331.62,0.5109,0.62
2026-08-13,80959.4,81364.2,80340.39,80906.74,46115,3731014315.1,1.2638,-0.13
2026-08-14,81173.73,81603.6,81011.38,81440.72,93906,7647772252.32,0.732,0.66
2026-08-17,81265.62,81509.42,80522.89,81090.52,147664,11974150545.28,1.2113,-0.43
2026-08-18,80899.96,81466.26,80386.55,80709.39,109204,8813788225.56,1.3315,-0.47
2026-08-19,80568.15,80729.29,80346.48,80426.91,59690,4800682257.9,0.4743,-0.35
2026-08-20,80326.38,80567.36,79985.16,80225.84,105966,8501211361.44,0.7239,-0.25
2026-08-21,80029.29,80109.32,79593.23,79832.73,135801,10841364566.73,0.6433,-0.49
2026-08-24,79952.48,80232.37,79392.81,80072.23,68485,5483746671.55,1.0516,0.3
2026-08-25,80088.24,80504.78,80008.15,80104.26,124478,9971218076.28,0.6202,0.04
2026-08-26,80324.55,80705.92,80083.58,80544.83,67709,5453609894.47,0.7769,0.55
2026-08-27,80842.85,81465.42,80681.16,81140.86,98682,8007142346.52,0.9737,0.74
2026-08-28,80929.89,81172.68,80476.77,80718.93,149208,12043910107.44,0.8577,-0.52
2026-08-31,80916.69,81601.14,80835.77,81114.45,130758,10606363253.1,0.9482,0.49
2026-09-01,81357.79,82009.15,81276.43,81601.14,67622,5518032289.08,0.9033,0.6
2026-09-02,81442.02,81767.79,80713.92,81282.9,95593,7770076259.7,1.2915,-0.39
2026-09-03,81482.04,82089.6,80911.67,81681.19,136925,11184196940.75,1.4492,0.49
2026-09-04,81779.21,82368.48,81615.65,81877.22,64032,5242762151.04,0.9217,0.24
2026-09-07,82057.35,82813.14,81811.18,82237.48,81672,6716499466.56,1.2237,0.44
2026-09-08,82545.87,83102.82,82380.78,82854.26,90272,7479419758.72,0.878,0.75
2026-09-09,82804.55,82970.16,82258.3,82754.83,42476,3515094159.08,0.8592,-0.12
2026-09-10,82663.8,83159.78,82325.05,82572.77,37909,3130251137.93,1.0087,-0.22
2026-09-11,82659.47,82911.66,82494.15,82746.17,74606,6173360759.02,0.5056,0.21
2026-09-14,82828.92,83243.31,82663.26,82911.66,89226,7397875775.16,0.701,0.2
2026-09-15,82895.08,83226.66,82629.86,82878.5,79756,6610057646,0.7198,-0.04
2026-09-16,82638.15,82803.43,82150.61,82397.8,46256,3811392636.8,0.7877,-0.58
2026-09-17,82381.32,82875.61,81953.02,82364.84,142771,11759310571.64,1.1197,-0.04
2026-09-18,82657.24,83530.28,82491.93,82949.63,32642,2707641822.46,1.2607,0.71
2026-09-21,83140.41,83664.52,82890.99,83331.2,123829,10318819164.8,0.9325,0.46
2026-09-22,83327.03,83410.36,83072.9,83322.87,30333,2527432615.71,0.405,-0.01
2026-09-23,83622.83,84510.25,83455.58,83922.79,140849,11820441048.71,1.2658,0.72
2026-09-24,84040.28,84241.93,83536.04,84157.77,47376,3987058511.52,0.8411,0.28
2026-09-25,83917.92,84253.59,83343.36,83678.07,131161,10975299339.27,1.0816,-0.57
2026-09-28,83950.02,84811.53,83530.27,84221.98,50403,4245040457.94,1.5312,0.65
2026-09-29,84087.22,84339.48,83364.8,83952.47,141246,11857950577.62,1.1573,-0.32
2026-09-30,83797.16,83964.75,83056.36,83641.85,58782,4916635226.7,1.082,-0.37
2026-10-01,83579.12,83829.86,82931.78,83516.39,115004,9604718915.56,1.0737,-0.15
2026-10-02,83328.48,83661.79,82558.59,83140.57,71298,5927756359.86,1.3209,-0.45
2026-10-05,82941.03,83355.74,82245.05,82741.5,85683,7089539944.5,1.3359,-0.48
2026-10-06,82993.86,83329.47,82412.9,83246.22,118069,9828797949.18,1.1078,0.61
2026-10-07,83029.78,83195.84,82564.9,82813.34,115479,9563201689.86,0.7579,-0.52
2026-10-08,83032.8,83835.02,82700.67,83252.25,116498,9698720620.5,1.3698,0.53
2026-10-09,83214.79,83381.22,82844.61,83177.32,78545,6533162599.4,0.6446,-0.09
2026-10-12,83310.4,83777.26,83060.47,83443.49,32862,2742119968.38,0.8618,0.32
2026-10-13,83531.11,84120.43,83196.99,83618.72,136580,11420644777.6,1.1067,0.21
2026-10-14,83426.4,83926.96,82651.43,83234.07,135626,11288703977.82,1.5254,-0.46
2026-10-15,83204.94,83787.37,82676.76,83175.81,32083,2668529512.23,1.3343,-0.07
2026-10-16,83042.73,83291.86,82495.1,82909.65,136125,11286076106.25,0.9579,-0.32
2026-10-19,83000.85,83590.6,82419.84,83092.05,46419,3857049868.95,1.4121,0.22
2026-10-20,83162.68,83815.94,82746.87,83233.31,58627,4879719265.37,1.2866,0.17
2026-10-21,83249.96,83516.4,82916.96,83266.6,62079,5169107261.4,0.7202,0.04
2026-10-22,83324.89,83466.55,83074.92,83383.17,117115,9765419954.55,0.4703,0.14
2026-10-23,83483.23,84084.79,82898.85,83583.29,53798,4496613835.42,1.4223,0.24
2026-10-26,83671.05,83926.33,83252.69,83758.81,81019,6786055027.39,0.806,0.21
2026-10-27,83599.67,83934.07,82856.45,83440.53,90092,7517324228.76,1.2866,-0.38
2026-10-28,83190.21,83689.35,82691.07,82939.89,97721,8104968990.69,1.1964,-0.6
2026-10-29,82944.04,83031.13,82612.26,82948.18,53051,4400483897.18,0.505,0.01
2026-10-30,82885.97,82968.86,82409.64,82823.76,87167,7219498687.92,0.6742,-0.15
2026-11-02,82682.96,83096.37,82129.45,82542.16,66811,5514724251.76,1.1674,-0.34
2026-11-03,82686.61,83410.88,82355.86,82831.06,87411,7240345785.66,1.2782,0.35
2026-11-04,82607.42,82937.85,81807.08,82383.77,75597,6227965860.69,1.3652,-0.54
2026-11-05,82190.17,82436.74,81914.57,81996.57,105306,8634730800.42,0.6338,-0.47
2026-11-06,81918.67,82246.34,81513.42,81840.78,53941,4414573513.98,0.8938,-0.19
2026-11-09,81820.32,82147.6,81472.66,81799.86,80338,6571637152.68,0.8247,-0.05
2026-11-10,82102.52,82982.02,81692.01,82405.18,55326,4559148988.68,1.577,0.74
2026-11-11,82384.58,82631.73,82281.62,82363.98,134520,11079602589.6,0.4249,-0.05
2026-11-12,82446.34,82611.24,82034.11,82528.71,38236,3155567755.56,0.7007,0.2
2026-11-13,82607.11,82850.88,82028.86,82685.51,92690,7664119921.9,0.996,0.19
2026-11-16,83007.98,83913.77,82841.96,83330.46,99983,8331629382.18,1.2962,0.78
2026-11-17,83205.46,83455.08,82498.91,83080.47,49215,4088805331.05,1.1474,-0.3
2026-11-18,82885.23,83051,82111.16,82689.99,63986,5291001700.14,1.1312,-0.47
