date,net_value,daily_return,drawdown,regime
2026-01-01,1.011,0.011,0,NORMAL
2026-01-02,1.009989,-0.001,0.1,TYPE_S
2026-01-05,1.001909,-0.008,0.8992,BEAR
2026-01-06,1.003913,0.002,0.701,CRISIS
2026-01-07,0.999897,-0.004,1.0982,NORMAL
2026-01-08,1.003897,0.004,0.7026,NORMAL
2026-01-09,1.003897,0,0.7026,BEAR
2026-01-12,0.997874,-0.006,1.2983,BULL
2026-01-13,1.005857,0.008,0.5087,NORMAL
2026-01-14,1.014910,0.009,0,CRISIS
2026-01-15,1.016940,0.002,0,OSCILLATION
2026-01-16,1.030160,0.013,0,NORMAL
2026-01-19,1.032220,0.002,0,OSCILLATION
2026-01-20,1.042542,0.01,0,BEAR
2026-01-21,1.056095,0.013,0,BEAR
2026-01-22,1.070880,0.014,0,NORMAL
2026-01-23,1.063384,-0.007,0.7000,TYPE_S
2026-01-26,1.052750,-0.01,1.6930,TYPE_S
2026-01-27,1.052750,0,1.6930,MIXED
2026-01-28,1.055908,0.003,1.3981,CRISIS
2026-01-29,1.046405,-0.009,2.2855,MIXED
2026-01-30,1.057915,0.011,1.2107,OSCILLATION
2026-02-02,1.055799,-0.002,1.4083,CRISIS
2026-02-03,1.046297,-0.009,2.2956,MIXED
2026-02-04,1.052575,0.006,1.7093,NORMAL
2026-02-05,1.063101,0.01,0.7264,TYPE_S
2026-02-06,1.062038,-0.001,0.8257,BULL
2026-02-09,1.069472,0.007,0.1315,CRISIS
2026-02-10,1.058777,-0.01,1.1302,BULL
2026-02-11,1.049248,-0.009,2.0200,CRISIS
2026-02-12,1.062888,0.013,0.7463,TYPE_S
2026-02-13,1.075643,0.012,0,BULL
2026-02-16,1.083173,0.007,0,NORMAL
2026-02-17,1.079923,-0.003,0.3000,BEAR
2026-02-18,1.088562,0.008,0,TYPE_S
2026-02-19,1.080942,-0.007,0.7000,TYPE_S
2026-02-20,1.071214,-0.009,1.5937,NORMAL
2026-02-23,1.063716,-0.007,2.2825,TYPE_S
2026-02-24,1.056270,-0.007,2.9665,TYPE_S
2026-02-25,1.056270,0,2.9665,NORMAL
2026-02-26,1.046764,-0.009,3.8397,NORMAL
2026-02-27,1.051998,0.005,3.3589,TYPE_S
2026-03-02,1.046738,-0.005,3.8421,TYPE_S
2026-03-03,1.059299,0.012,2.6882,BEAR
2026-03-04,1.069892,0.01,1.7151,NORMAL
2026-03-05,1.060263,-0.009,2.5997,BULL
2026-03-06,1.059203,-0.001,2.6970,CRISIS
2026-03-09,1.065558,0.006,2.1132,NORMAL
2026-03-10,1.062361,-0.003,2.4069,OSCILLATION
2026-03-11,1.072985,0.01,1.4310,BULL
2026-03-12,1.069766,-0.003,1.7267,NORMAL
2026-03-13,1.070836,0.001,1.6284,OSCILLATION
2026-03-16,1.062269,-0.008,2.4154,CRISIS
2026-03-17,1.053771,-0.008,3.1961,MIXED
2026-03-18,1.048502,-0.005,3.6801,BULL
2026-03-19,1.055842,0.007,3.0058,NORMAL
2026-03-20,1.054786,-0.001,3.1028,NORMAL
2026-03-23,1.056896,0.002,2.9090,NORMAL
2026-03-24,1.068522,0.011,1.8410,BULL
2026-03-25,1.061042,-0.007,2.5281,CRISIS
2026-03-26,1.053615,-0.007,3.2104,BEAR
2026-03-27,1.060990,0.007,2.5329,NORMAL
2026-03-30,1.070539,0.009,1.6557,BEAR
2026-03-31,1.059834,-0.01,2.6391,TYPE_S
2026-04-01,1.063014,0.003,2.3469,CRISIS
2026-04-02,1.057699,-0.005,2.8352,TYPE_S
2026-04-03,1.067218,0.009,1.9608,BULL
2026-04-06,1.073621,0.006,1.3725,BULL
2026-04-07,1.065032,-0.008,2.1616,BULL
2026-04-08,1.065032,0,2.1616,TYPE_S
2026-04-09,1.068227,0.003,1.8681,MIXED
2026-04-10,1.058613,-0.009,2.7512,BULL
2026-04-13,1.071316,0.012,1.5843,BEAR
2026-04-14,1.070245,-0.001,1.6827,NORMAL
2026-04-15,1.063824,-0.006,2.2725,OSCILLATION
2026-04-16,1.054250,-0.009,3.1520,MIXED
2026-04-17,1.055304,0.001,3.0552,NORMAL
2026-04-20,1.061636,0.006,2.4735,NORMAL
2026-04-21,1.075437,0.013,1.2057,TYPE_S
2026-04-22,1.070060,-0.005,1.6997,CRISIS
2026-04-23,1.078620,0.008,0.9133,MIXED
2026-04-24,1.086170,0.007,0.2197,MIXED
2026-04-27,1.082911,-0.003,0.5191,MIXED
2026-04-28,1.098072,0.014,0,NORMAL
2026-04-29,1.113445,0.014,0,OSCILLATION
2026-04-30,1.103424,-0.009,0.9000,OSCILLATION
2026-05-01,1.114458,0.01,0,CRISIS
2026-05-04,1.121145,0.006,0,CRISIS
2026-05-05,1.114418,-0.006,0.6000,NORMAL
2026-05-06,1.130020,0.014,0,CRISIS
2026-05-07,1.143580,0.012,0,BULL
2026-05-08,1.140149,-0.003,0.3000,NORMAL
2026-05-11,1.156111,0.014,0,BULL
2026-05-12,1.154955,-0.001,0.1000,TYPE_S
2026-05-13,1.165350,0.009,0,BULL
2026-05-14,1.167681,0.002,0,NORMAL
2026-05-15,1.165346,-0.002,0.2000,NORMAL
2026-05-18,1.181661,0.014,0,NORMAL
2026-05-19,1.198204,0.014,0,NORMAL
2026-05-20,1.195808,-0.002,0.2000,BEAR
2026-05-21,1.189829,-0.005,0.6990,CRISIS
2026-05-22,1.192209,0.002,0.5003,NORMAL
2026-05-25,1.201747,0.008,0,TYPE_S
2026-05-26,1.198142,-0.003,0.3000,NORMAL
2026-05-27,1.190953,-0.006,0.8982,NORMAL
2026-05-28,1.204053,0.011,0,NORMAL
2026-05-29,1.199237,-0.004,0.4000,TYPE_S
2026-06-01,1.198038,-0.001,0.4996,MIXED
2026-06-02,1.208820,0.009,0,OSCILLATION
2026-06-03,1.203985,-0.004,0.4000,CRISIS
2026-06-04,1.218433,0.012,0,MIXED
2026-06-05,1.233054,0.012,0,BULL
2026-06-08,1.226889,-0.005,0.5000,OSCILLATION
2026-06-09,1.233023,0.005,0.0025,NORMAL
2026-06-10,1.224392,-0.007,0.7025,BEAR
2026-06-11,1.235412,0.009,0,OSCILLATION
2026-06-12,1.225529,-0.008,0.8000,NORMAL
2026-06-15,1.216950,-0.007,1.4944,BULL
2026-06-16,1.205997,-0.009,2.3810,NORMAL
2026-06-17,1.213233,0.006,1.7953,BEAR
2026-06-18,1.207167,-0.005,2.2863,OSCILLATION
2026-06-19,1.195095,-0.01,3.2634,TYPE_S
2026-06-22,1.186729,-0.007,3.9406,TYPE_S
2026-06-23,1.185542,-0.001,4.0367,NORMAL
2026-06-24,1.183171,-0.002,4.2286,BEAR
2026-06-25,1.177255,-0.005,4.7075,MIXED
2026-06-26,1.184319,0.006,4.1357,NORMAL
2026-06-29,1.172476,-0.01,5.0943,OSCILLATION
2026-06-30,1.186546,0.012,3.9554,MIXED
2026-07-01,1.197225,0.009,3.0910,NORMAL
2026-07-02,1.203211,0.005,2.6065,BULL
2026-07-03,1.208024,0.004,2.2169,OSCILLATION
2026-07-06,1.223728,0.013,0.9458,OSCILLATION
2026-07-07,1.216386,-0.006,1.5401,NORMAL
2026-07-08,1.212737,-0.003,1.8354,BULL
2026-07-09,1.217588,0.004,1.4428,BEAR
2026-07-10,1.232199,0.012,0.2601,TYPE_S
2026-07-13,1.226038,-0.005,0.7588,NORMAL
2026-07-14,1.213778,-0.01,1.7512,MIXED
2026-07-15,1.218633,0.004,1.3582,NORMAL
2026-07-16,1.211321,-0.006,1.9500,OSCILLATION
2026-07-17,1.222223,0.009,1.0676,NORMAL
2026-07-20,1.222223,0,1.0676,BULL
2026-07-21,1.233223,0.009,0.1772,NORMAL
2026-07-22,1.235689,0.002,0,NORMAL
2026-07-23,1.223332,-0.01,1.0000,OSCILLATION
2026-07-24,1.234342,0.009,0.1090,TYPE_S
2026-07-27,1.241748,0.006,0,TYPE_S
2026-07-28,1.234298,-0.006,0.6000,OSCILLATION
2026-07-29,1.251578,0.014,0,NORMAL
2026-07-30,1.246572,-0.004,0.4000,CRISIS
2026-07-31,1.250312,0.003,0.1012,OSCILLATION
2026-08-03,1.246561,-0.003,0.4009,BEAR
2026-08-04,1.251547,0.004,0.0025,NORMAL
2026-08-05,1.239032,-0.01,1.0024,BULL
2026-08-06,1.229120,-0.008,1.7944,NORMAL
2026-08-07,1.220516,-0.007,2.4818,CRISIS
2026-08-10,1.222957,0.002,2.2868,TYPE_S
2026-08-11,1.220511,-0.002,2.4822,CRISIS
2026-08-12,1.216849,-0.003,2.7748,NORMAL
2026-08-13,1.226584,0.008,1.9970,NORMAL
2026-08-14,1.221678,-0.004,2.3890,MIXED
2026-08-17,1.220456,-0.001,2.4866,MIXED
2026-08-18,1.236322,0.013,1.2189,MIXED
2026-08-19,1.236322,0,1.2189,TYPE_S
2026-08-20,1.236322,0,1.2189,BULL
2026-08-21,1.226431,-0.008,2.0092,NORMAL
2026-08-24,1.217846,-0.007,2.6952,MIXED
2026-08-25,1.232460,0.012,1.5275,MIXED
2026-08-26,1.249714,0.014,0.1489,TYPE_S
2026-08-27,1.243465,-0.005,0.6482,BEAR
2026-08-28,1.255900,0.01,0,BEAR
2026-08-31,1.270971,0.012,0,MIXED
2026-09-01,1.269700,-0.001,0.1000,TYPE_S
2026-09-02,1.287476,0.014,0,BULL
2026-09-03,1.295201,0.006,0,NORMAL
2026-09-04,1.290020,-0.004,0.4000,NORMAL
2026-09-07,1.305500,0.012,0,OSCILLATION
2026-09-08,1.301584,-0.003,0.3000,MIXED
2026-09-09,1.293774,-0.006,0.8982,BULL
2026-09-10,1.289893,-0.003,1.1955,MIXED
2026-09-11,1.292473,0.002,0.9979,CRISIS
2026-09-14,1.296350,0.003,0.7009,MIXED
2026-09-15,1.313203,0.013,0,NORMAL
2026-09-16,1.321082,0.006,0,CRISIS
2026-09-17,1.307871,-0.01,1.0000,NORMAL
2026-09-18,1.297408,-0.008,1.7920,MIXED
2026-09-21,1.312977,0.012,0.6135,NORMAL
2026-09-22,1.305099,-0.006,1.2098,CRISIS
2026-09-23,1.305099,0,1.2098,NORMAL
2026-09-24,1.305099,0,1.2098,NORMAL
2026-09-25,1.315540,0.008,0.4195,NORMAL
2026-09-28,1.310278,-0.004,0.8178,CRISIS
2026-09-29,1.301106,-0.007,1.5121,TYPE_S
2026-09-30,1.315418,0.011,0.4287,NORMAL
2026-10-01,1.303579,-0.009,1.3249,BEAR
2026-10-02,1.298365,-0.004,1.7196,NORMAL
2026-10-05,1.308752,0.008,0.9333,BEAR
2026-10-06,1.296973,-0.009,1.8249,BEAR
2026-10-07,1.284003,-0.01,2.8067,BEAR
2026-10-08,1.299411,0.012,1.6404,BULL
2026-10-09,1.304609,0.004,1.2469,MIXED
2026-10-12,1.317655,0.01,0.2594,CRISIS
2026-10-13,1.322926,0.004,0,NORMAL
2026-10-14,1.341447,0.014,0,OSCILLATION
2026-10-15,1.334740,-0.005,0.5000,BULL
2026-10-16,1.344083,0.007,0,MIXED
2026-10-19,1.337363,-0.005,0.5000,TYPE_S
2026-10-20,1.350737,0.01,0,OSCILLATION
2026-10-21,1.349386,-0.001,0.1000,OSCILLATION
2026-10-22,1.343988,-0.004,0.4997,BULL
2026-10-23,1.358772,0.011,0,BEAR
2026-10-26,1.354696,-0.003,0.3000,BULL
2026-10-27,1.361469,0.005,0,OSCILLATION
2026-10-28,1.379168,0.013,0,TYPE_S
2026-10-29,1.395718,0.012,0,BULL
2026-10-30,1.401301,0.004,0,BULL
2026-11-02,1.420919,0.014,0,BEAR
2026-11-03,1.435128,0.01,0,MIXED
2026-11-04,1.420777,-0.01,1.0000,TYPE_S
2026-11-05,1.426460,0.004,0.6040,NORMAL
2026-11-06,1.435019,0.006,0.0076,NORMAL
2026-11-09,1.442194,0.005,0,BEAR
2026-11-10,1.459500,0.012,0,OSCILLATION
2026-11-11,1.444905,-0.01,1.00,MIXED
2026-11-12,1.450685,0.004,0.6040,CRISIS
2026-11-13,1.436178,-0.01,1.5979,CRISIS
2026-11-16,1.436178,0,1.5979,OSCILLATION
2026-11-17,1.421816,-0.01,2.5820,OSCILLATION
2026-11-18,1.434612,0.009,1.7052,MIXED
