date,signal_type,price,factor_score,alpha_prediction,confidence,factor_drivers
2026-01-29,CLOSE,80967,0.01,-0.028,0.64,F12,F13
2026-02-12,LONG,80080,-0.007,-0.02,0.77,F12,F14,F07
2026-04-15,CLOSE,77308,-0.068,0.012,0.79,F20,F08,F06
2026-02-16,LONG,79204,0.062,0.027,0.86,F04,F10,F19
2026-09-14,CLOSE,77293,-0.049,0.02,0.85,F02,F07
2026-03-11,SHORT,78485,-0.027,-0.024,0.61,F05,F12,F03
2026-08-31,SHORT,76822,-0.083,0.017,0.85,F02,F18
2026-04-28,CLOSE,76322,0.04,-0.02,0.84,F01,F13,F16
2026-05-04,SHORT,78143,-0.082,0.006,0.76,F09,F17
2026-11-05,LONG,75495,-0.048,0.025,0.85,F10
2026-05-01,SHORT,75093,-0.147,0.012,0.61,F10,F20,F12
2026-02-13,FLAT,77170,-0.139,-0.026,0.82,F18,F19
2026-03-18,CLOSE,78875,-0.087,-0.003,0.55,F02,F20,F05
2026-01-08,FLAT,77289,-0.087,-0.03,0.84,F12
2026-06-25,FLAT,79755,-0.079,0.011,0.62,F12,F18,F08
2026-05-21,LONG,77647,-0.029,-0.006,0.85,F07,F06
2026-07-30,CLOSE,79724,0.105,-0.019,0.6,F01,F10,F12
2026-08-31,FLAT,75895,-0.005,-0.005,0.79,F17,F20,F12
2026-05-28,SHORT,76265,-0.097,-0.03,0.71,F10,F09
2026-02-18,SHORT,75037,-0.072,0.012,0.83,F01,F19,F08
2026-05-14,FLAT,80824,0.049,0.022,0.66,F16,F13,F15
2026-05-05,LONG,77433,0.094,0.02,0.68,F14,F20,F03
2026-08-11,SHORT,80173,-0.091,-0.006,0.82,F03,F17
2026-07-28,CLOSE,77316,0.148,-0.017,0.61,F14,F04,F13
2026-06-03,CLOSE,78210,0.026,-0.008,0.59,F09,F01,F14
2026-08-11,SHORT,76030,0.026,-0.004,0.67,F20,F04
2026-10-28,SHORT,78324,0.046,0.012,0.79,F13,F05
2026-02-05,FLAT,77216,0,-0.008,0.81,F10,F02
2026-08-24,FLAT,79794,-0.086,-0.006,0.65,F04,F15
2026-11-16,SHORT,78835,0.089,-0.002,0.66,F04,F13,F01
2026-11-17,CLOSE,78389,-0.138,-0.016,0.67,F09,F10
2026-07-20,LONG,75436,-0.128,0.004,0.76,F12,F02
2026-10-09,SHORT,81234,0.051,-0.026,0.68,F15,F03,F04
2026-09-17,LONG,77450,-0.12,0.022,0.89,F05,F12,F19
2026-05-29,LONG,81833,-0.023,0.018,0.57,F10,F19
2026-04-16,CLOSE,80663,-0.124,0.011,0.83,F09,F02
2026-06-26,LONG,76229,-0.116,0.019,0.55,F12,F20
2026-03-16,LONG,80315,-0.087,-0.019,0.73,F12,F10
2026-04-14,LONG,76297,-0.096,0.02,0.64,F16,F10,F19
2026-02-16,CLOSE,80352,-0.056,-0.006,0.73,F03,F14,F05
2026-06-08,SHORT,77830,0.097,0.013,0.7,F11,F05
2026-01-14,FLAT,75347,-0.141,-0.005,0.86,F07,F09
2026-10-02,CLOSE,76194,0.032,0.022,0.82,F07,F12,F08
2026-07-27,LONG,76597,-0.057,-0.028,0.58,F02,F04,F10
2026-02-12,SHORT,80100,-0.038,-0.002,0.87,F03,F02,F06
2026-08-21,FLAT,77429,-0.14,0.003,0.61,F10,F19
2026-11-16,CLOSE,77438,-0.14,0.016,0.58,F20,F01,F10
2026-02-20,CLOSE,79304,-0.12,-0.011,0.77,F01,F06
2026-01-05,SHORT,77076,0.133,0.018,0.62,F04,F03
2026-02-27,LONG,78089,0.065,0.014,0.68,F14,F15
2026-03-16,SHORT,81392,-0.046,0.016,0.87,F13,F09,F06
2026-04-13,FLAT,80894,0.007,0.008,0.62,F15,F19,F01
2026-11-03,FLAT,80012,-0.043,-0.029,0.82,F10
2026-10-19,FLAT,81081,0.105,-0.016,0.86,F19,F04,F01
2026-02-12,LONG,81260,0.068,-0.028,0.8,F19,F11,F07
2026-07-20,FLAT,75215,0.005,-0.007,0.86,F16,F14,F03
2026-09-11,SHORT,76176,0.049,0.013,0.82,F10,F18
2026-10-08,CLOSE,79668,-0.128,-0.03,0.74,F12,F19,F08
2026-09-11,FLAT,77269,0.121,-0.02,0.8,F16,F11,F03
2026-06-08,SHORT,79506,0.105,0.022,0.71,F19,F20
