date,alpha_score,alpha_rank,top_factor_contributors,alpha_confidence,alpha_direction
2026-01-01,0.035,37,F15;F11,0.67,FLAT
2026-01-02,-0.021,5,F19;F12,0.68,SHORT
2026-01-05,0.023,86,F14;F10;F06,0.9,FLAT
2026-01-06,-0.032,65,F14;F11;F17,0.65,LONG
2026-01-07,0.013,25,F11;F18,0.87,FLAT
2026-01-08,-0.02,74,F09;F20;F06,0.65,SHORT
2026-01-09,0.009,76,F04;F10;F12,0.74,FLAT
2026-01-12,0.007,28,F10;F02;F16,0.74,SHORT
2026-01-13,0.035,72,F03;F06;F04,0.73,SHORT
2026-01-14,-0.046,6,F12;F04;F17,0.55,FLAT
2026-01-15,-0.027,7,F01;F03;F05,0.74,LONG
2026-01-16,-0.036,40,F07;F09,0.63,LONG
2026-01-19,-0.004,89,F19;F20,0.74,FLAT
2026-01-20,0.045,70,F03,0.76,FLAT
2026-01-21,0.03,51,F01;F13;F06,0.88,FLAT
2026-01-22,0.046,30,F08;F12;F11,0.57,LONG
2026-01-23,0.029,97,F06;F17;F15,0.6,LONG
2026-01-26,0.047,49,F14;F05;F06,0.84,FLAT
2026-01-27,-0.013,80,F03;F10,0.69,FLAT
2026-01-28,-0.043,19,F10;F16;F11,0.55,LONG
2026-01-29,-0.03,84,F05;F03,0.58,SHORT
2026-01-30,0.023,53,F20;F11;F14,0.65,SHORT
2026-02-02,0.034,28,F03;F10;F18,0.7,FLAT
2026-02-03,-0.042,26,F10;F19,0.91,SHORT
2026-02-04,-0.038,34,F12;F11,0.67,SHORT
2026-02-05,0.012,77,F06;F15;F20,0.58,SHORT
2026-02-06,-0.001,47,F12;F15,0.91,FLAT
2026-02-09,0.035,74,F12;F08,0.62,LONG
2026-02-10,0.046,46,F19;F09,0.71,LONG
2026-02-11,-0.025,36,F12;F20;F01,0.8,FLAT
2026-02-12,0.03,80,F04;F11;F18,0.74,FLAT
2026-02-13,-0.046,82,F09;F03;F11,0.69,LONG
2026-02-16,0.047,59,F17;F03,0.86,FLAT
2026-02-17,-0.027,17,F06;F09,0.6,SHORT
2026-02-18,0.009,99,F16;F02,0.82,SHORT
2026-02-19,0.003,35,F04;F03,0.81,FLAT
2026-02-20,0.009,71,F15;F20,0.9,SHORT
2026-02-23,-0.004,39,F05;F11,0.57,LONG
2026-02-24,-0.025,65,F15;F07,0.76,SHORT
2026-02-25,0.001,40,F07,0.67,LONG
2026-02-26,0.025,79,F19;F09;F13,0.7,FLAT
2026-02-27,-0.026,88,F06;F10,0.77,SHORT
2026-03-02,-0.014,68,F15;F16;F10,0.94,FLAT
2026-03-03,0.033,96,F12;F08;F05,0.65,SHORT
2026-03-04,-0.02,33,F16;F08;F10,0.77,SHORT
2026-03-05,0.04,1,F03;F14,0.8,LONG
2026-03-06,-0.047,85,F09;F02;F03,0.85,LONG
2026-03-09,-0.044,51,F14;F15,0.61,LONG
2026-03-10,-0.036,99,F05;F18,0.94,FLAT
2026-03-11,0.039,95,F09;F14,0.79,FLAT
2026-03-12,0.039,29,F17;F14;F13,0.61,FLAT
2026-03-13,-0.048,5,F17;F07;F20,0.78,FLAT
2026-03-16,-0.034,81,F08;F18,0.7,FLAT
2026-03-17,0.016,59,F04;F15,0.6,LONG
2026-03-18,-0.044,47,F18;F03,0.92,LONG
2026-03-19,-0.049,39,F18;F17;F10,0.86,FLAT
2026-03-20,0.016,83,F13;F02,0.91,LONG
2026-03-23,-0.021,4,F03;F13,0.71,LONG
2026-03-24,-0.02,96,F18;F16;F08,0.74,FLAT
2026-03-25,-0.019,99,F12;F16,0.85,FLAT
2026-03-26,-0.031,17,F12;F08,0.73,SHORT
2026-03-27,0.038,35,F07;F19,0.78,FLAT
2026-03-30,-0.023,11,F01;F14,0.83,SHORT
2026-03-31,-0.009,88,F06;F20;F18,0.89,LONG
2026-04-01,0.04,93,F05;F13,0.68,FLAT
2026-04-02,-0.037,3,F02;F05,0.92,FLAT
2026-04-03,0.046,17,F20;F04,0.73,SHORT
2026-04-06,0.047,9,F17;F09;F15,0.8,SHORT
2026-04-07,0.03,58,F06;F14;F09,0.78,FLAT
2026-04-08,-0.007,11,F10;F01;F03,0.76,FLAT
2026-04-09,-0.049,58,F20;F09,0.67,SHORT
2026-04-10,0.046,57,F09;F17;F12,0.7,LONG
2026-04-13,-0.023,11,F14;F02,0.57,LONG
2026-04-14,0.033,11,F12;F01;F13,0.81,LONG
2026-04-15,0.007,92,F20;F13;F14,0.9,SHORT
2026-04-16,0.022,71,F04;F16,0.78,LONG
2026-04-17,-0.049,87,F10;F03;F11,0.86,FLAT
2026-04-20,-0.05,89,F15;F08;F02,0.66,SHORT
2026-04-21,0.015,21,F03;F14,0.94,LONG
2026-04-22,-0.015,52,F03;F14;F02,0.94,SHORT
2026-04-23,-0.045,55,F08;F18,0.67,SHORT
2026-04-24,-0.02,55,F15;F07,0.55,FLAT
2026-04-27,0.009,10,F19;F06,0.65,FLAT
2026-04-28,0.009,97,F15;F20,0.67,FLAT
2026-04-29,0.012,65,F10;F20,0.74,FLAT
2026-04-30,0.023,35,F10;F16;F05,0.79,SHORT
2026-05-01,-0.034,7,F17;F19;F14,0.87,SHORT
2026-05-04,0.008,84,F07;F18,0.66,LONG
2026-05-05,0.016,30,F13;F15,0.75,LONG
2026-05-06,0.008,96,F05;F15;F16,0.73,LONG
2026-05-07,-0.016,93,F12;F13,0.82,FLAT
2026-05-08,0.04,26,F07;F18,0.75,SHORT
2026-05-11,0.02,90,F09;F02,0.79,LONG
2026-05-12,0.035,59,F04;F16;F19,0.71,LONG
2026-05-13,0.009,24,F01;F17,0.65,SHORT
2026-05-14,-0.042,6,F03;F14;F05,0.91,FLAT
2026-05-15,-0.024,45,F08;F16,0.9,FLAT
2026-05-18,-0.049,26,F20;F18,0.55,FLAT
2026-05-19,-0.008,60,F01;F05,0.56,FLAT
2026-05-20,0.042,23,F01;F02,0.83,SHORT
2026-05-21,-0.034,55,F16;F10,0.83,FLAT
2026-05-22,-0.017,12,F16;F11;F04,0.83,SHORT
2026-05-25,0.035,66,F01;F20,0.61,FLAT
2026-05-26,-0.046,37,F16;F08,0.64,FLAT
2026-05-27,-0.015,25,F02;F13;F11,0.71,LONG
2026-05-28,-0.015,94,F16;F13;F10,0.76,FLAT
2026-05-29,-0.034,11,F09;F18;F12,0.89,SHORT
2026-06-01,0.023,81,F09;F13,0.63,SHORT
2026-06-02,0.015,58,F12,0.66,LONG
2026-06-03,0.027,48,F13;F03,0.88,SHORT
2026-06-04,0.029,47,F05;F20,0.84,SHORT
2026-06-05,-0.042,97,F20;F02,0.87,SHORT
2026-06-08,0.047,21,F14;F16,0.86,SHORT
2026-06-09,-0.028,65,F11;F05;F14,0.66,SHORT
2026-06-10,-0.001,99,F18;F05;F19,0.58,SHORT
2026-06-11,0,93,F08;F15,0.64,SHORT
2026-06-12,-0.026,77,F13;F08;F19,0.78,SHORT
2026-06-15,0.032,80,F19;F13,0.86,FLAT
2026-06-16,0.044,84,F09;F11;F20,0.69,LONG
2026-06-17,-0.015,39,F02;F08,0.71,LONG
2026-06-18,-0.019,62,F04;F15;F20,0.78,LONG
2026-06-19,-0.029,30,F11;F06,0.75,SHORT
2026-06-22,-0.026,96,F01;F18,0.62,FLAT
2026-06-23,-0.027,12,F02;F06;F16,0.74,LONG
2026-06-24,0.01,17,F16;F12,0.89,LONG
2026-06-25,0.027,75,F11;F15,0.91,SHORT
2026-06-26,-0.039,73,F11,0.62,LONG
2026-06-29,0.046,37,F07;F17,0.83,SHORT
2026-06-30,0.044,72,F06;F09,0.8,FLAT
2026-07-01,-0.04,43,F14;F07,0.69,FLAT
2026-07-02,-0.005,76,F01;F15,0.77,FLAT
2026-07-03,0.001,62,F12;F17,0.65,FLAT
2026-07-06,0.04,36,F04;F13;F07,0.66,FLAT
2026-07-07,-0.021,50,F10;F02,0.8,LONG
2026-07-08,0.015,96,F10;F06;F02,0.92,FLAT
2026-07-09,0.044,32,F16;F08;F17,0.67,FLAT
2026-07-10,0.038,64,F18;F03;F12,0.57,SHORT
2026-07-13,0.008,38,F08;F11;F17,0.66,SHORT
2026-07-14,0.001,31,F13;F10,0.55,SHORT
2026-07-15,0.026,29,F12;F13;F16,0.85,SHORT
2026-07-16,0.01,28,F13;F16,0.86,LONG
2026-07-17,0.001,12,F10;F07,0.57,LONG
2026-07-20,-0.003,13,F03;F06;F04,0.67,FLAT
2026-07-21,-0.005,32,F18;F01,0.61,LONG
2026-07-22,-0.022,28,F06;F09;F20,0.6,LONG
2026-07-23,0.035,82,F15;F02,0.6,FLAT
2026-07-24,0.036,23,F15;F17;F07,0.86,FLAT
2026-07-27,-0.008,79,F10;F01,0.63,LONG
2026-07-28,0.016,27,F07;F15;F01,0.82,LONG
2026-07-29,0.003,10,F01;F06,0.69,FLAT
2026-07-30,0.034,68,F04;F05,0.6,SHORT
2026-07-31,-0.026,77,F15;F19,0.81,SHORT
2026-08-03,-0.043,5,F12;F16,0.89,SHORT
2026-08-04,0.007,97,F18;F10;F08,0.7,SHORT
2026-08-05,0.037,99,F01;F02,0.86,SHORT
2026-08-06,-0.022,92,F12;F02;F01,0.82,SHORT
2026-08-07,0.047,42,F09;F10,0.58,SHORT
2026-08-10,-0.016,68,F16;F05;F19,0.68,SHORT
2026-08-11,-0.012,84,F20;F06,0.69,LONG
2026-08-12,-0.03,83,F01;F16,0.79,FLAT
2026-08-13,-0.036,36,F08;F18;F16,0.77,FLAT
2026-08-14,-0.006,82,F18;F19,0.83,SHORT
2026-08-17,0.013,10,F05;F01,0.88,LONG
2026-08-18,-0.014,50,F19;F16,0.75,SHORT
2026-08-19,-0.034,4,F09;F20;F08,0.73,LONG
2026-08-20,0.009,66,F06;F18;F14,0.78,FLAT
2026-08-21,-0.001,65,F08;F11;F06,0.78,FLAT
2026-08-24,-0.025,66,F01;F13,0.59,LONG
2026-08-25,-0.016,28,F20;F08,0.6,SHORT
2026-08-26,0.017,13,F14;F02,0.86,LONG
2026-08-27,0.048,21,F14;F03,0.63,FLAT
2026-08-28,0.02,30,F06;F04,0.87,FLAT
2026-08-31,-0.039,82,F14;F03,0.84,SHORT
2026-09-01,0.046,76,F20;F09;F19,0.64,SHORT
2026-09-02,0.002,4,F06;F07;F12,0.79,LONG
2026-09-03,0.04,23,F06;F19;F07,0.92,SHORT
2026-09-04,-0.027,41,F16;F18,0.6,SHORT
2026-09-07,-0.004,74,F05;F13;F02,0.84,SHORT
2026-09-08,0.024,47,F04;F08,0.55,SHORT
2026-09-09,-0.022,34,F09;F12;F14,0.67,FLAT
2026-09-10,0.038,6,F06;F09,0.71,SHORT
2026-09-11,-0.037,58,F02;F06;F15,0.73,FLAT
2026-09-14,-0.013,67,F15;F05,0.55,SHORT
2026-09-15,0.042,99,F12;F16;F15,0.89,LONG
2026-09-16,0.011,84,F19;F02;F08,0.84,SHORT
2026-09-17,0.013,2,F05;F19;F07,0.75,LONG
2026-09-18,-0.01,19,F11;F10,0.78,SHORT
2026-09-21,0.005,43,F15;F02;F16,0.68,FLAT
2026-09-22,-0.017,74,F20;F05,0.85,FLAT
2026-09-23,0.031,41,F14;F08;F15,0.57,LONG
2026-09-24,0.011,31,F11;F20;F04,0.57,SHORT
2026-09-25,-0.038,18,F16;F12,0.64,LONG
2026-09-28,-0.009,13,F02;F09,0.66,LONG
2026-09-29,-0.024,14,F06;F07,0.76,SHORT
2026-09-30,-0.032,26,F14;F20,0.64,LONG
2026-10-01,0.007,9,F11;F08;F17,0.84,FLAT
2026-10-02,0.031,19,F08;F07;F17,0.89,FLAT
2026-10-05,0.023,6,F16;F05,0.86,LONG
2026-10-06,-0.019,30,F14;F13,0.8,LONG
2026-10-07,0.009,57,F18;F01;F05,0.92,FLAT
2026-10-08,-0.004,20,F15;F04;F18,0.7,FLAT
2026-10-09,-0.037,71,F07;F02;F05,0.73,SHORT
2026-10-12,-0.003,77,F06;F07,0.93,LONG
2026-10-13,-0.009,49,F15;F06,0.63,FLAT
2026-10-14,-0.011,95,F15;F06,0.77,SHORT
2026-10-15,0.035,60,F18;F08,0.73,FLAT
2026-10-16,0.033,30,F04,0.9,SHORT
2026-10-19,-0.043,89,F11;F13;F18,0.68,FLAT
2026-10-20,-0.026,23,F03;F18,0.84,FLAT
2026-10-21,0.026,46,F15;F11,0.58,FLAT
2026-10-22,0.009,76,F07;F11,0.72,LONG
2026-10-23,-0.031,59,F04;F14;F19,0.92,FLAT
2026-10-26,0.047,84,F09;F14;F02,0.7,SHORT
2026-10-27,0.032,39,F09;F18;F05,0.57,LONG
2026-10-28,0.03,72,F18;F05;F09,0.58,FLAT
2026-10-29,0.028,2,F06;F11;F12,0.72,LONG
2026-10-30,-0.022,64,F03;F14,0.75,SHORT
2026-11-02,-0.049,58,F20;F16,0.73,LONG
2026-11-03,-0.023,24,F18;F13,0.92,SHORT
2026-11-04,-0.043,23,F16;F01,0.68,SHORT
2026-11-05,-0.044,40,F09;F10;F20,0.81,SHORT
2026-11-06,-0.012,94,F01;F12;F11,0.67,LONG
2026-11-09,-0.023,85,F15;F11,0.59,FLAT
2026-11-10,-0.031,53,F05;F09;F19,0.59,LONG
2026-11-11,0.049,30,F10;F20,0.6,FLAT
2026-11-12,0.041,57,F02;F18;F09,0.72,FLAT
2026-11-13,0.037,83,F02;F20,0.74,FLAT
2026-11-16,-0.005,84,F06;F13,0.72,LONG
2026-11-17,-0.011,42,F03;F12,0.89,FLAT
2026-11-18,-0.037,55,F11;F08,0.88,SHORT
