日期,品种,因子,指标,基线值,当前值,漂移百分比,告警等级,触发代码,动作,备注
2026-10-10,AL,F01-F20,IC均值,0.0595,0.0595,0.0%,NORMAL,—,—,灰度基线周
2026-10-10,AL,F01-F20,IR均值,47.35,47.35,0.0%,NORMAL,—,—,灰度基线周
2026-10-10,AL,F01-F20,VIF,1.0059,1.0059,0.0%,NORMAL,—,—,灰度基线周
2026-10-10,AL,F01-F20,BEAR区制IC,0.0417,0.0417,0.0%,NORMAL,—,—,BEAR IC>0.040黄色阈值
2026-10-10,AL,F01-F20,CRISIS区制IC,0.0684,0.0684,0.0%,NORMAL,—,—,CRISIS IC增强
2026-10-10,AL,F01-F20,区制翻转率,0%,0%,—,NORMAL,—,—,无翻转
2026-10-10,AL,F01-F20,IC衰减率,4.8%,4.8%,0.0%,NORMAL,—,—,IC衰减<10%
2026-10-10,AL,F19热钱,IC均值,0.0612,0.0612,0.0%,NORMAL,—,—,对照组正增量+36102
2026-10-10,AL,F19热钱,BEAR区制IC,0.0417,0.0417,0.0%,YELLOW,—,降低热钱权重至0.8,AL BEAR IC接近0.040黄色阈值
2026-10-10,AL,F20注意力,IC均值,0.0612,0.0612,0.0%,NORMAL,—,—,有效区制MIXED/CRISIS/NORMAL
2026-10-10,AL,F20注意力,衰减系数,0.95,0.95,0.0%,NORMAL,—,—,衰减系数稳定
2026-10-10,AL,F08/F09/F11/F12,σ检查,—,—,0.0%,NORMAL,—,降级运行(IC权重0.5x),监控因子合成异常值检查
2026-10-10,CU,F01-F20,IC均值,0.0337,0.0337,0.0%,NORMAL,—,—,灰度基线周
2026-10-10,CU,F01-F20,IR均值,9.44,9.44,0.0%,NORMAL,—,—,灰度基线周
2026-10-10,CU,F01-F20,VIF,1.0067,1.0067,0.0%,NORMAL,—,—,灰度基线周
2026-10-10,CU,F01-F20,BEAR区制IC,0.0236,0.0236,0.0%,RED,FR-RISK-501,降低CU仓位至1%+加强监控,CU BEAR IC<0.025黄色阈值已触发
2026-10-10,CU,F01-F20,CRISIS区制IC,0.0388,0.0388,0.0%,NORMAL,—,—,CRISIS IC增强
2026-10-10,CU,F01-F20,区制翻转率,0%,0%,—,NORMAL,—,—,无翻转
2026-10-10,CU,F01-F20,IC衰减率,5.2%,5.2%,0.0%,NORMAL,—,—,IC衰减<10%
2026-10-10,CU,F19热钱,IC均值,0.0350,0.0350,0.0%,NORMAL,—,—,对照组微负增量-2042
2026-10-10,CU,F19热钱,BEAR区制IC,0.0236,0.0236,0.0%,RED,FR-RISK-501,降低CU仓位至1%,CU BEAR IC边缘
2026-10-10,CU,F20注意力,IC均值,0.0350,0.0350,0.0%,NORMAL,—,—,有效区制MIXED/CRISIS/NORMAL
2026-10-10,CU,F20注意力,衰减系数,0.95,0.95,0.0%,NORMAL,—,—,衰减系数稳定
2026-10-10,CU,F08/F09/F11/F12,σ检查,—,—,0.0%,NORMAL,—,降级运行(IC权重0.5x),监控因子合成异常值检查
2026-10-10,PB,F01-F20,IC均值,0.0420,0.0420,0.0%,NORMAL,—,—,灰度基线周
2026-10-10,PB,F01-F20,IR均值,16.58,16.58,0.0%,NORMAL,—,—,灰度基线周
2026-10-10,PB,F01-F20,VIF,1.0038,1.0038,0.0%,NORMAL,—,—,灰度基线周(三品种最低VIF)
2026-10-10,PB,F01-F20,BEAR区制IC,0.0294,0.0294,0.0%,YELLOW,—,每日监控BEAR IC,PB BEAR IC接近0.030黄色阈值
2026-10-10,PB,F01-F20,CRISIS区制IC,0.0483,0.0483,0.0%,NORMAL,—,—,CRISIS IC增强
2026-10-10,PB,F01-F20,区制翻转率,0%,0%,—,NORMAL,—,—,无翻转
2026-10-10,PB,F01-F20,IC衰减率,1.0%,1.0%,0.0%,NORMAL,—,—,IC衰减<10%(三品种最低)
2026-10-10,PB,F19热钱,IC均值,0.0431,0.0431,0.0%,NORMAL,—,—,对照组中性增量+0
2026-10-10,PB,F19热钱,BEAR区制IC,0.0294,0.0294,0.0%,YELLOW,—,每日监控BEAR IC,PB BEAR IC接近0.030黄色阈值
2026-10-10,PB,F20注意力,IC均值,0.0431,0.0431,0.0%,NORMAL,—,—,有效区制MIXED/CRISIS/NORMAL
2026-10-10,PB,F20注意力,衰减系数,0.95,0.95,0.0%,NORMAL,—,—,衰减系数稳定
2026-10-10,PB,F08/F09/F11/F12,σ检查,—,—,0.0%,NORMAL,—,降级运行(IC权重0.5x),监控因子合成异常值检查
2026-10-10,ALL,divergence_corrected,TYPE_C IC,0.15+,监控中,0.0%,NORMAL,—,持续监控,TYPE_C IC<0.10/10日→通知A侧
2026-10-10,ALL,divergence_corrected,NORMAL IC,0.05+,监控中,0.0%,NORMAL,—,持续监控,NORMAL IC<0.05/5日→黄色预警
2026-10-10,ALL,F19热钱,CRISIS IC,0.0684/0.0388/0.0483,监控中,0.0%,NORMAL,—,持续监控,CRISIS IC<0.02→停止热钱因子
2026-10-10,ALL,F01-F20,区制翻转率(跨品种),0%,0%,—,NORMAL,—,—,任一种IC反向>0→立即红色预警
2026-10-10,ALL,F08/F09/F11/F12,合成异常值,σ<IC×100,监控中,0.0%,NORMAL,—,持续监控,F09/F11/F12 σ>IC×100→降级运行
---以下为触发阈值定义(非实时数据)---
THRESHOLD,AL,F19热钱,BEAR区制IC,0.0417,0.040,0.040,YELLOW,FR-RISK-506,降低热钱权重至0.8,IC<0.040持续3日→黄色
THRESHOLD,AL,F19热钱,BEAR区制IC,0.0417,0.035,0.035,RED,FR-RISK-506,停止热钱因子,IC<0.035持续5日→红色
THRESHOLD,CU,F01-F20,BEAR区制IC,0.0236,0.025,0.025,YELLOW,FR-RISK-501,降低CU仓位至1%,IC<0.025持续3日→黄色(已触发)
THRESHOLD,CU,F01-F20,BEAR区制IC,0.0236,0.020,0.020,RED,FR-RISK-501,停止CU灰度,IC<0.020持续5日→红色
THRESHOLD,PB,F01-F20,BEAR区制IC,0.0294,0.030,0.030,YELLOW,—,每日监控,IC<0.030持续3日→黄色
THRESHOLD,PB,F01-F20,BEAR区制IC,0.0294,0.025,0.025,RED,—,停止PB灰度,IC<0.025持续5日→红色
THRESHOLD,ALL,F01-F20,IC均值,0.0595/0.0337/0.0420,±15%,±25%,YELLOW/RED,—,暂停灰度,IC漂移>15%→黄色/>25%→红色
THRESHOLD,ALL,F01-F20,IR均值,47.35/9.44/16.58,±20%,±35%,YELLOW/RED,—,暂停灰度,IR漂移>20%→黄色/>35%→红色
THRESHOLD,ALL,F01-F20,VIF,1.0059/1.0067/1.0038,±10%,±15%,YELLOW/RED,—,暂停灰度,VIF漂移>10%→黄色/>15%→红色
THRESHOLD,ALL,F01-F20,区制翻转率,0%,—,—,RED,—,立即暂停,任一IC反向>0→立即红色预警
THRESHOLD,ALL,F01-F20,IC衰减率,4.8%/5.2%/1.0%,—,10%,—,—,暂停灰度,IC衰减率>10%持续2周→暂停
THRESHOLD,ALL,F19热钱,CRISIS IC,0.0684/0.0388/0.0483,0.02,0.02,RED,FR-RISK-505,停止热钱因子,CRISIS IC<0.02→停止
THRESHOLD,ALL,F20注意力,NORMAL区制IC,—,0.01,0.01,RED,FR-RISK-503,通知A侧,attention NORMAL IC<0.01持续10日
THRESHOLD,ALL,divergence_corrected,TYPE_C IC,—,0.15,0.10,YELLOW/RED,FR-RISK-504,通知A侧,TYPE_C IC<0.15/5日黄/<0.10/10日红
THRESHOLD,ALL,F08/F09/F11/F12,σ检查,—,σ>IC×100,σ>IC×100,RED,FR-RISK-502,降级运行,F09/F11/F12 σ>IC×100→降级
