优先级,ID,问题,严重度,描述,预估工作量_人天,依赖项,需C侧配合,需D侧配合,需数据供应商,修复方案,影响范围,灰度期可接受
P0,TD-001,D侧执行数据缺失(LC/FU/BU),CRITICAL,"LC/FU/BU三个品种无真实执行数据，无法验证执行效果",3,GFEX/上期所数据接口,TRUE,TRUE,TRUE,"D侧接入真实执行数据流；GFEX提供LC/FU/BU历史执行数据","无法真实验证LC/FU/BU执行效果；TD-001为永久技术债标记",FALSE
P0,TD-004,FU/BU移仓滑点吞噬68.5%/68.6%,CRITICAL,"FU移仓滑点消耗68.5%收益，BU消耗68.6%收益，收益被滑点完全吞噬",2,已确认永久禁止,FALSE,TRUE,FALSE,"确认FU/BU永久禁止投产；在代码中硬编码禁用","FU/BU品种永久不可投产",TRUE
P0,TD-014,数据不足(合成数据200天/品种),CRITICAL,"ZN/NI/SN/SI四个新品种仅使用200天合成数据，无真实行情数据",5,GFEX数据接口(SI),TRUE,TRUE,TRUE,"GFEX数据接口接入+真实数据回测；SHFE供应商接入ZN/NI/SN","4品种无真实数据验证；SI GFEX数据接口是关键路径",FALSE
P1,TD-002,金属因子合成影子数据,HIGH,"AL/CU/PB/LC四个品种的因子均使用合成影子数据，非实盘验证数据",10,真实行情数据,TURE,TRUE,TRUE,"替换合成影子数据为真实行情数据重算因子；验证因子在真实数据下的表现","4品种因子未经真实数据验证；实盘风险不可控",TRUE
P1,TD-013,数据管道不完整,HIGH,"数据管道不完整，部分数据源未接入或管道配置缺失",5,数据供应商接入,TRUE,TRUE,FALSE,"完成数据管道配置；接入缺失数据源；端到端数据流测试","数据管道不可靠；影响数据完整性",TRUE
P1,TD-015,数据清洗不完整,HIGH,"数据清洗流程不完整，部分数据异常未被处理",3,TD-013完成,FALSE,FALSE,FALSE,"补充数据清洗规则；异常值检测与处理；数据质量报告","数据质量不可控；影响因子计算准确性",TRUE
P1,TD-020,合成数据依赖,HIGH,"V86.9四品种因子完全依赖合成数据，无真实数据替代",10,TD-014完成,TURE,TRUE,TRUE,"替换合成数据为真实数据；重跑全部因子计算","同TD-002；4品种因子不可靠",TRUE
P1,TD-021,规则变更未覆盖(NI),HIGH,"NI品种规则变更事件未覆盖，历史事件标签缺失",2,NI规则变更记录,FALSE,FALSE,FALSE,"补充NI规则变更事件标签；更新事件字典","NI品种事件驱动因子可能失效",TRUE
P1,TD-022,规则变更未覆盖(SI),HIGH,"SI品种规则变更事件未覆盖，上市初期规则调整未记录",2,SI规则变更记录,FALSE,FALSE,FALSE,"补充SI规则变更事件标签；更新事件字典","SI品种事件驱动因子可能失效",TRUE
P1,TD-016,流动性模型不完善,MEDIUM,"流动性三状态模型不够精细，低流动性事件处理不完善",3,真实成交量数据,FALSE,FALSE,FALSE,"改进流动性模型；增加更多流动性状态；品种级阈值校准","流动性事件处理不完善；低流动性品种风险",TRUE
P1,TD-017,时段对齐(SI GFEX vs SHFE),MEDIUM,"SI在GFEX交易时段(09:30)与SHFE品种(09:00)不对齐",1,TD-014完成,TURE,FALSE,FALSE,"调整SI交易时段对齐逻辑；处理跨交易所时段差异","SI因子计算可能时间偏移",TRUE
P2,TD-009,DSHD自报审计链3条合成伪指纹,MEDIUM,"DSHD审计链中存在3条合成伪指纹，非真实审计记录",3,D侧审计链修复,FALSE,TRUE,FALSE,"D侧修复审计链；重新生成审计记录；MD5重算","审计链不可靠；影响可追溯性",TRUE
P2,TD-010,LC区制标签样本量不足(4/40),MEDIUM,"LC品种CRISIS区制标签仅4个样本(共40)，样本量严重不足",2,数据扩充,TURE,TRUE,FALSE,"扩充LC数据样本；增加CRISIS区制触发机会","LC危机分支IC=0.0198不可靠",TRUE
P2,TD-018,回归测试扩展(301→500+),MEDIUM,"当前回归测试301条，需要扩展至500+以覆盖新品种",5,TD-014完成,FALSE,FALSE,FALSE,"扩展回归测试套件；覆盖ZN/NI/SN/SI新品种","测试覆盖率不足；新品种风险未覆盖",TRUE
P2,TD-019,幂等并行,MEDIUM,"回归测试未实现幂等并行，每次运行可能产生不同结果",5,TD-018完成,FALSE,FALSE,FALSE,"实现幂等并行；确保多次运行结果一致；字节级比对","测试结果不稳定；影响可靠性",TRUE
P2,TD-023,因子校准未验证,MEDIUM,"V86.9四品种因子校准参数未经真实数据验证",3,真实数据,TURE,TRUE,TRUE,"使用真实数据重新校准因子参数；验证校准结果","4品种因子参数可能不最优",TRUE
P2,TD-024,样本不足(SI 4.5年),MEDIUM,"SI品种仅4.5年数据(1000天)，Bootstrap P95 IC仅0.005",5,等待真实数据,TURE,TRUE,FALSE,"等待真实数据积累；期间使用合成数据但标记为WEAK","SI品种因子置信度低",TRUE
P2,TD-003,文档瑕疵,LOW,"文档中存在少量瑕疵，不影响功能",1,—,FALSE,FALSE,FALSE,"修复文档瑕疵；更新文档版本","不影响功能",TRUE
P2,TD-011,缓存格式,LOW,"缓存格式可能不兼容新版本",2,—,FALSE,FALSE,FALSE,"更新缓存格式；兼容新旧版本","不影响功能",TRUE
P2,TD-012,字段映射,LOW,"字段映射可能不完整",1,—,FALSE,FALSE,FALSE,"补全字段映射；增加映射验证","不影响功能",TRUE
合计,,,20,73人天,,9需C/D配合,11独立,,,"灰度期可接受: 16/20项","不可接受: 4项(TD-001/014/002/020需真实数据)"
