优先级,ID,问题,严重度,描述,预估工作量_人天,依赖项,需C侧配合,需D侧配合,需数据供应商,修复方案,影响范围,灰度期可接受,TD1闭环标记,ALCU-PB灰度标记,ONGOING_MONITORING标记,PHASE1_RUN_MONITOR标记,PHASE2评估标记,PHASE2_RUN_MONITOR标记,PHASE3_MONITOR标记,PHASE4_MONITOR标记,PHASE5_MONITOR标记,PHASE6_MONITOR标记,PHASE7_MONITOR标记,PHASE8_MONITOR标记,PHASE9_MONITOR标记,PHASE10_MONITOR标记,PHASE11_MONITOR标记,PHASE12_MONITOR标记,PHASE13_MONITOR标记,PHASE15_MONITOR标记,PHASE16_MONITOR标记
P0,TD-001,D侧执行数据缺失(LC/FU/BU),CRITICAL,LC/FU/BU三个品种无真实执行数据，无法验证执行效果,3,GFEX/上期所数据接口,TRUE,TRUE,TRUE,D侧接入真实执行数据流；GFEX提供LC/FU/BU历史执行数据,无法真实验证LC/FU/BU执行效果；TD-001为永久技术债标记,FALSE,,✅ ALCU-PB灰度不影响,— 不在灰度监控范围,— 不在Phase1运行监控范围,— 不在Phase2评估范围,— 不在Phase2运行监控范围,— 不在Phase3监控范围,— 不在Phase4监控范围,— 不在Phase5监控范围,— 不在Phase6监控范围,— 不在Phase8监控范围,— 不在Phase9监控范围,— 不在Phase10监控范围,— 不在Phase11监控范围,— 不在Phase12监控范围,,— 不在Phase13监控范围,,— 不在Phase15监控范围,— 不在Phase16监控范围
P0,TD-004,FU/BU移仓滑点吞噬68.5%/68.6%,CRITICAL,FU移仓滑点消耗68.5%收益，BU消耗68.6%收益，收益被滑点完全吞噬,2,已确认永久禁止,FALSE,TRUE,FALSE,确认FU/BU永久禁止投产；在代码中硬编码禁用,FU/BU品种永久不可投产,TRUE,,✅ ALCU-PB灰度不影响,— 不在灰度监控范围,— 不在Phase1运行监控范围,— 不在Phase2评估范围,— 不在Phase2运行监控范围,— 不在Phase3监控范围,— 不在Phase4监控范围,— 不在Phase5监控范围,— 不在Phase6监控范围,— 不在Phase8监控范围,— 不在Phase9监控范围,— 不在Phase10监控范围,— 不在Phase11监控范围,— 不在Phase12监控范围,,— 不在Phase13监控范围,,— 不在Phase15监控范围,— 不在Phase16监控范围
P0,TD-014,数据不足(合成数据200天/品种),CRITICAL,ZN/NI/SN/SI四个新品种仅使用200天合成数据，无真实行情数据,5,GFEX数据接口(SI),TRUE,TRUE,TRUE,GFEX数据接口接入+真实数据回测；SHFE供应商接入ZN/NI/SN,4品种无真实数据验证；SI GFEX数据接口是关键路径,FALSE,✅ TD1评级完成(禁止) — TD-014仍为数据侧阻断,✅ ALCU-PB灰度不影响,⏳ 灰度期间持续监控TD-014进展,⏳ Phase1运行期持续监控TD-014进展,⏳ Phase2评估期持续监控TD-014进展,⏳ Phase2运行期持续监控TD-014进展,⏳ Phase3期持续监控TD-014进展,"⏳ Phase4期持续监控TD-014进展; ZN/NI/SN/SI F19/F20预评估完成(架构就绪,等待真实数据)",⏳ Phase5期持续监控TD-014进展; 数据门禁检查清单完成(td002_td014_data_checklist.md); multi_comm_factor_template_v1.py就绪; 等待真实数据接入,⏳ Phase6期持续监控TD-014进展; PC-003双门禁锁定(TD002+TD014); 等待真实数据触发解锁,⏳ Phase8期持续监控TD-014进展; PC-003双门禁锁定延续; VIS-001可视化工作台开发完成; 等待真实数据触发解锁,⏳ Phase9期持续监控TD-014进展; PC-003双门禁锁定延续; ZN/NI/SN/SI预校验脚本就绪; 等待真实数据触发解锁,— 不在Phase10监控范围,— 不在Phase11监控范围,— 不在Phase12监控范围,,⏳ Phase13期持续监控TD-014进展; PC-003双门禁锁定延续; PC-003解锁触发钩子Phase13更新; 等待真实数据触发解锁,,⏳ Phase15期持续监控TD-014进展; PC-003双门禁锁定延续; PC-003解锁触发钩子Phase15更新; 等待真实数据触发解锁,⏳ Phase16期持续监控TD-014进展; PC-003双门禁锁定延续; PC-003解锁触发钩子Phase16更新; 坏样本掩码模块已集成; 等待真实数据触发解锁
P0,TD-002,金属因子合成影子数据,HIGH,AL/CU/PB/LC四个品种的因子均使用合成影子数据，非实盘验证数据,10,真实行情数据,TRUE,TRUE,TRUE,替换合成影子数据为真实行情数据重算因子；验证因子在真实数据下的表现,4品种因子未经真实数据验证；实盘风险不可控,TRUE,✅ TD1评级完成(禁止) — TD-002为数据侧阻断,"✅ ALCU-PB已使用v868真实数据,TD-002部分解决",⏳ 灰度期间持续监控TD-002进展,⏳ Phase1运行期持续监控TD-002进展,⏳ Phase2评估期持续监控TD-002进展,⏳ Phase2运行期持续监控TD-002进展,⏳ Phase3期持续监控TD-002进展,⏳ Phase4期持续监控TD-002进展; ZN/NI/SN/SI前置因子模板就绪(等待真实数据接入),⏳ Phase5期持续监控TD-002进展; ZN/NI/SN/SI数据门禁检查清单完成(multi_comm_factor_template_v1.py+td002_td014_data_checklist.md); 等待真实数据接入,⏳ Phase6期持续监控TD-002进展; PC-003双门禁锁定(TD002+TD014); 等待真实数据触发解锁,⏳ Phase8期持续监控TD-002进展; PC-003双门禁锁定延续; VIS-001可视化工作台开发完成; 等待真实数据触发解锁,⏳ Phase9期持续监控TD-002进展; PC-003双门禁锁定延续; ZN/NI/SN/SI预校验脚本就绪; 等待真实数据触发解锁,— 不在Phase10监控范围,— 不在Phase11监控范围,— 不在Phase12监控范围,,⏳ Phase13期持续监控TD-014进展; PC-003双门禁锁定延续; PC-003解锁触发钩子Phase13更新; 等待真实数据触发解锁,,⏳ Phase15期持续监控TD-014进展; PC-003双门禁锁定延续; PC-003解锁触发钩子Phase15更新; 等待真实数据触发解锁,⏳ Phase16期持续监控TD-014进展; PC-003双门禁锁定延续; PC-003解锁触发钩子Phase16更新; 坏样本掩码模块已集成; 等待真实数据触发解锁
P0,TD-033,PRE-007 ACD三方对齐数据可用性修复,CRITICAL,DSHC gray_precheck PRE-007失败(ACD对齐文件缺失)，阻塞DSHC灰度启动流程,2,DSHC对齐文件生成,TRUE,FALSE,FALSE,DSHA已确认因子侧数据就绪(25风险码+44字段schema+AL/CU/PB因子数据)；请DSHC生成对齐CSV文件；DSHA已提供cross_agent_risk_code_mapping.md作为对齐输入,阻塞DSHC灰度启动；PRE-007需DSHC修复,TRUE,—,✅ ALCU-PB灰度准入已完成,⏳ 协助DSHC修复中(数据口径说明已交付),⏳ Phase1运行期持续协助DSHC修复PRE-007,⏳ Phase2评估期持续协助DSHC修复PRE-007,⏳ Phase2运行期持续协助DSHC修复PRE-007,⏳ Phase3期持续协助DSHC修复PRE-007,⏳ Phase4期持续协助DSHC修复PRE-007,⏳ Phase5期持续协助DSHC修复PRE-007,⏳ Phase6期持续协助DSHC修复PRE-007,⏳ Phase8期持续协助DSHC修复PRE-007,⏳ Phase9期持续协助DSHC修复PRE-007,— 不在Phase10监控范围,— 不在Phase11监控范围,— 不在Phase12监控范围,,⏳ Phase13期持续协助DSHC修复PRE-007,,⏳ Phase15期持续协助DSHC修复PRE-007,⏳ Phase16期持续协助DSHC修复PRE-007
P1,TD-013,数据管道不完整,HIGH,数据管道不完整，部分数据源未接入或管道配置缺失,5,数据供应商接入,TRUE,TRUE,FALSE,完成数据管道配置；接入缺失数据源；端到端数据流测试,数据管道不可靠；影响数据完整性,TRUE,,✅ ALCU-PB灰度不影响,— 不在灰度监控范围,— 不在Phase1运行监控范围,— 不在Phase2评估范围,— 不在Phase2运行监控范围,— 不在Phase3监控范围,— 不在Phase4监控范围,— 不在Phase5监控范围,— 不在Phase6监控范围,— 不在Phase8监控范围,— 不在Phase9监控范围,— 不在Phase10监控范围,— 不在Phase11监控范围,— 不在Phase12监控范围,,— 不在Phase13监控范围,,— 不在Phase15监控范围,— 不在Phase16监控范围
P1,TD-015,数据清洗不完整,HIGH,数据清洗流程不完整，部分数据异常未被处理,3,TD-013完成,FALSE,FALSE,FALSE,补充数据清洗规则；异常值检测与处理；数据质量报告,数据质量不可控；影响因子计算准确性,TRUE,,✅ ALCU-PB灰度不影响,— 不在灰度监控范围,— 不在Phase1运行监控范围,— 不在Phase2评估范围,— 不在Phase2运行监控范围,— 不在Phase3监控范围,— 不在Phase4监控范围,— 不在Phase5监控范围,— 不在Phase6监控范围,— 不在Phase8监控范围,— 不在Phase9监控范围,— 不在Phase10监控范围,— 不在Phase11监控范围,— 不在Phase12监控范围,,— 不在Phase13监控范围,,— 不在Phase15监控范围,— 不在Phase16监控范围
P1,TD-020,合成数据依赖,HIGH,V86.9四品种因子完全依赖合成数据，无真实数据替代,10,TD-014完成,TRUE,TRUE,TRUE,替换合成数据为真实数据；重跑全部因子计算,同TD-002；4品种因子不可靠,TRUE,✅ TD1评级完成(禁止) — TD-020为数据侧阻断,✅ ALCU-PB已使用v868真实数据,⏳ 灰度期间持续监控TD-020进展,⏳ Phase1运行期持续监控TD-020进展,⏳ Phase2评估期持续监控TD-020进展,⏳ Phase2运行期持续监控TD-020进展,⏳ Phase3期持续监控TD-020进展,⏳ Phase4期持续监控TD-020进展,⏳ Phase5期持续监控TD-020进展,⏳ Phase6期持续监控TD-020进展,⏳ Phase8期持续监控TD-002进展; PC-003双门禁锁定延续; VIS-001可视化工作台开发完成; 等待真实数据触发解锁,⏳ Phase9期持续监控TD-002进展; PC-003双门禁锁定延续; 等待真实数据触发解锁,— 不在Phase10监控范围,— 不在Phase11监控范围,— 不在Phase12监控范围,,— 不在Phase13监控范围,,— 不在Phase15监控范围,— 不在Phase16监控范围
P1,TD-021,规则变更未覆盖(NI),HIGH,NI品种规则变更事件未覆盖，历史事件标签缺失,2,NI规则变更记录,FALSE,FALSE,FALSE,补充NI规则变更事件标签；更新事件字典,NI品种事件驱动因子可能失效,TRUE,✅ TD1评级完成(禁止) — TD-021为NI阻断,✅ ALCU-PB灰度不影响,— 不在灰度监控范围,— 不在Phase1运行监控范围,— 不在Phase2评估范围,— 不在Phase2运行监控范围,— 不在Phase3监控范围,— 不在Phase4监控范围,— 不在Phase5监控范围,— 不在Phase6监控范围,— 不在Phase8监控范围,— 不在Phase9监控范围,— 不在Phase10监控范围,— 不在Phase11监控范围,— 不在Phase12监控范围,,— 不在Phase13监控范围,,— 不在Phase15监控范围,— 不在Phase16监控范围
P1,TD-022,规则变更未覆盖(SI),HIGH,SI品种规则变更事件未覆盖，上市初期规则调整未记录,2,SI规则变更记录,FALSE,FALSE,FALSE,补充SI规则变更事件标签；更新事件字典,SI品种事件驱动因子可能失效,TRUE,✅ TD1评级完成(禁止) — TD-022为SI阻断,✅ ALCU-PB灰度不影响,— 不在灰度监控范围,— 不在Phase1运行监控范围,— 不在Phase2评估范围,— 不在Phase2运行监控范围,— 不在Phase3监控范围,— 不在Phase4监控范围,— 不在Phase5监控范围,— 不在Phase6监控范围,— 不在Phase8监控范围,— 不在Phase9监控范围,— 不在Phase10监控范围,— 不在Phase11监控范围,— 不在Phase12监控范围,,— 不在Phase13监控范围,,— 不在Phase15监控范围,— 不在Phase16监控范围
P1,TD-029,ALCU-PB灰度Phase1周度OOS监控(已完成),HIGH,灰度Phase1 2周周期内周度OOS IC/IR/VIF滚动校验，输出因子漂移报告,0,灰度运行数据,FALSE,FALSE,FALSE,W1/W2周度OOS IC/IR/VIF滚动校验已完成；输出alcupb_gray_factor_weekly_report_W1.md和_W2.md；更新factor_drift_alert_log_runtime.csv；触发FR-RISK-501~508告警记录,灰度因子漂移监控,TRUE,—,✅ 灰度准入完成,🔵 Phase1周度监控完成(W1+W2均已产出),🔵 Phase1运行期OOS监控完成(2/2周),✅ Phase2评估期继承(已完成),✅ Phase2运行期OOS监控完成(W3+W4+W5+W6),✅ Phase3期OOS监控继承,✅ Phase4期OOS监控继承,✅ Phase5期OOS监控继承(W6完成; Phase2关闭),✅ Phase6期OOS监控继承(W1~W7共7周),✅ Phase8期OOS监控继承(W3~W7共5周; Phase7全周期7周完成),✅ Phase9期OOS监控继承(Phase8全周期7周完成),— 不在Phase10监控范围,— 不在Phase11监控范围,— 不在Phase12监控范围,,✅ Phase13期OOS监控继承(Phase12全周期7周完成),,— 不在Phase15监控范围,— 不在Phase16监控范围
P1,TD-030,热钱/注意力因子区制边界监控(已完成),HIGH,热钱因子和注意力因子在AL/CU/PB四区制表现持续监控，重点盯CU BEAR区负增量,0,灰度运行数据,FALSE,FALSE,FALSE,"W1/W2/W3/W4/W5/W6热钱因子F19和注意力因子F20区制边界监控已完成；CU BEAR IC每日检查(30/30日,FR-RISK-501持续触发)；PB BEAR IC每日检查(30/30日,边缘持续)；记录区制边界变化；f19_f20_gray_summary.md已生成",热钱/注意力因子区制漂移预警,TRUE,—,✅ 灰度准入完成,🔵 Phase1区制边界监控完成(2/2周),🔵 Phase1运行期区制监控完成(2/2周),✅ Phase2评估期区制扩展评估完成,✅ Phase2运行期区制扩展暂缓(W3+W4+W5+W6),✅ Phase3期区制约束固化(TD-046),✅ Phase4期区制约束持续管控(TD-046),✅ Phase5期区制约束持续管控(TD-046); ZN/NI/SN/SI数据门禁中熊市区制约束延续,✅ Phase6期区制约束持续管控(TD-046闭环); ZN/NI/SN/SI数据门禁中熊市区制约束延续,✅ Phase8期区制约束持续管控(TD-046闭环); VIS-001可视化工作台BEAR区制约束正确体现; ZN/NI/SN/SI数据门禁中熊市区制约束延续,✅ Phase9期区制约束持续管控(TD-046闭环); VIS-001 F19/F20独立净值曲线展示区制约束; ZN/NI/SN/SI数据门禁中熊市区制约束延续,— 不在Phase10监控范围,— 不在Phase11监控范围,— 不在Phase12监控范围,,✅ Phase13期区制约束持续管控(TD-046闭环); VIS-001 F19/F20独立净值曲线展示区制约束; ZN/NI/SN/SI数据门禁中熊市区制约束延续,,— 不在Phase15监控范围,— 不在Phase16监控范围
P1,TD-034,跨端风险码映射固化(HIGH),HIGH,FR-RISK-501~508跨端(DSHA/DSHC/DSHD)风险编码映射已确认，需固化至各端系统,1,已完成,FALSE,TRUE,FALSE,cross_agent_risk_code_mapping.md已交付DSHC；8项风险码三端对齐确认；统一告警语义规范已发布；Phase1+Phase2运行期无新增风险触发事件,三端风险码统一识别,TRUE,—,✅ ALCU-PB灰度准入完成,"🔵 跨端映射已确认,持续监控中",🔵 Phase1运行期跨端同步正常(无异常),✅ Phase2评估期继承(已完成),✅ Phase2运行期跨端同步正常(W3+W4+W5+W6),✅ Phase3期跨端同步确认,✅ Phase4期跨端同步确认; Phase4 FR-RISK口径对齐确认,✅ Phase5期跨端同步确认; Phase5 FR-RISK口径对齐确认,✅ Phase6期跨端同步确认; Phase6 FR-RISK口径对齐确认,✅ Phase8期跨端同步确认; Phase8 FR-RISK口径对齐确认,✅ Phase9期跨端同步确认; Phase9 FR-RISK口径对齐确认,— 不在Phase10监控范围,— 不在Phase11监控范围,— 不在Phase12监控范围,,✅ Phase13期跨端同步确认; Phase13 FR-RISK口径对齐确认,,— 不在Phase15监控范围,— 不在Phase16监控范围
P1,TD-031,divergence_corrected灰度期监控(已完成),MEDIUM,灰度期间持续监控divergence_corrected指标，TYPE_C IC<0.10触发通知A侧,0,灰度运行数据,TRUE,FALSE,FALSE,W1/W2/W3/W4/W5/W6日度监控TYPE_C区制IC(30/30日全部>0.10)；NORMAL IC(30/30日全部>0.05)；无FR-RISK-504触发；无通知A侧事件,divergence_corrected监控指标退化预警,TRUE,—,✅ 灰度准入完成,🔵 Phase1 div_C监控完成(2/2周),🔵 Phase1运行期div_C监控完成(无触发),✅ Phase2评估期继承(已完成),✅ Phase2运行期div_C监控完成(W3+W4+W5+W6无触发),✅ Phase3期div_C监控继承,✅ Phase4期div_C监控继承,✅ Phase5期div_C监控继承,✅ Phase6期div_C监控继承(W1~W7共7周无触发),✅ Phase8期div_C监控继承(W3~W7共5周无触发),✅ Phase9期div_C监控继承(Phase8全周期7周无触发),— 不在Phase10监控范围,— 不在Phase11监控范围,— 不在Phase12监控范围,,✅ Phase13期div_C监控继承(Phase12全周期7周无触发),,— 不在Phase15监控范围,— 不在Phase16监控范围
P1,TD-016,流动性模型不完善,MEDIUM,流动性三状态模型不够精细，低流动性事件处理不完善,3,真实成交量数据,FALSE,FALSE,FALSE,改进流动性模型；增加更多流动性状态；品种级阈值校准,流动性事件处理不完善；低流动性品种风险,TRUE,✅ TD1评级完成(禁止) — TD-016为SN阻断,✅ ALCU-PB灰度不影响,— 不在灰度监控范围,— 不在Phase1运行监控范围,— 不在Phase2评估范围,— 不在Phase2运行监控范围,— 不在Phase3监控范围,— 不在Phase4监控范围,— 不在Phase5监控范围,— 不在Phase6监控范围,— 不在Phase8监控范围,— 不在Phase9监控范围,— 不在Phase10监控范围,— 不在Phase11监控范围,— 不在Phase12监控范围,,— 不在Phase13监控范围,,— 不在Phase15监控范围,— 不在Phase16监控范围
P1,TD-017,时段对齐(SI GFEX vs SHFE),MEDIUM,SI在GFEX交易时段(09:30)与SHFE品种(09:00)不对齐,1,TD-014完成,TRUE,FALSE,FALSE,调整SI交易时段对齐逻辑；处理跨交易所时段差异,SI因子计算可能时间偏移,TRUE,✅ TD1评级完成(禁止) — TD-017为SI阻断,✅ ALCU-PB灰度不影响,— 不在灰度监控范围,— 不在Phase1运行监控范围,— 不在Phase2评估范围,— 不在Phase2运行监控范围,— 不在Phase3监控范围,— 不在Phase4监控范围,— 不在Phase5监控范围,— 不在Phase6监控范围,⏳ Phase8期持续监控TD-014进展; PC-003双门禁锁定延续; VIS-001可视化工作台开发完成; 等待真实数据触发解锁,⏳ Phase9期持续监控TD-014进展; PC-003双门禁锁定延续; 等待真实数据触发解锁,— 不在Phase10监控范围,— 不在Phase11监控范围,— 不在Phase12监控范围,,— 不在Phase13监控范围,,— 不在Phase15监控范围,— 不在Phase16监控范围
P2,TD-009,DSHD自报审计链3条合成伪指纹,MEDIUM,DSHD审计链中存在3条合成伪指纹，非真实审计记录,3,D侧审计链修复,FALSE,TRUE,FALSE,D侧修复审计链；重新生成审计记录；MD5重算,审计链不可靠；影响可追溯性,TRUE,,✅ ALCU-PB灰度不影响,— 不在灰度监控范围,— 不在Phase1运行监控范围,— 不在Phase2评估范围,— 不在Phase2运行监控范围,— 不在Phase3监控范围,— 不在Phase4监控范围,— 不在Phase5监控范围,— 不在Phase6监控范围,— 不在Phase8监控范围,— 不在Phase9监控范围,— 不在Phase10监控范围,— 不在Phase11监控范围,— 不在Phase12监控范围,,— 不在Phase13监控范围,,— 不在Phase15监控范围,— 不在Phase16监控范围
P2,TD-010,LC区制标签样本量不足(4/40),MEDIUM,LC品种CRISIS区制标签仅4个样本(共40)，样本量严重不足,2,数据扩充,TRUE,TRUE,FALSE,扩充LC数据样本；增加CRISIS区制触发机会,LC危机分支IC=0.0198不可靠,TRUE,,✅ ALCU-PB灰度不影响,— 不在灰度监控范围,— 不在Phase1运行监控范围,— 不在Phase2评估范围,— 不在Phase2运行监控范围,— 不在Phase3监控范围,— 不在Phase4监控范围,— 不在Phase5监控范围,— 不在Phase6监控范围,— 不在Phase8监控范围,— 不在Phase9监控范围,— 不在Phase10监控范围,— 不在Phase11监控范围,— 不在Phase12监控范围,,— 不在Phase13监控范围,,— 不在Phase15监控范围,— 不在Phase16监控范围
P2,TD-018,回归测试扩展(301→500+),MEDIUM,当前回归测试301条，需要扩展至500+以覆盖新品种,5,TD-014完成,FALSE,FALSE,FALSE,扩展回归测试套件；覆盖ZN/NI/SN/SI新品种,测试覆盖率不足；新品种风险未覆盖,TRUE,✅ TD1_rating完成(禁止) — TD-018为SI阻断,✅ ALCU-PB灰度不影响,— 不在灰度监控范围,— 不在Phase1运行监控范围,— 不在Phase2评估范围,— 不在Phase2运行监控范围,— 不在Phase3监控范围,— 不在Phase4监控范围,— 不在Phase5监控范围,— 不在Phase6监控范围,⏳ Phase8期持续监控TD-014进展; PC-003双门禁锁定延续; VIS-001可视化工作台开发完成; 等待真实数据触发解锁,⏳ Phase9期持续监控TD-014进展; PC-003双门禁锁定延续; 等待真实数据触发解锁,— 不在Phase10监控范围,— 不在Phase11监控范围,— 不在Phase12监控范围,,— 不在Phase13监控范围,,— 不在Phase15监控范围,— 不在Phase16监控范围
P2,TD-019,幂等并行,MEDIUM,回归测试未实现幂等并行，每次运行可能产生不同结果,5,TD-018完成,FALSE,FALSE,FALSE,实现幂等并行；确保多次运行结果一致；字节级比对,测试结果不稳定；影响可靠性,TRUE,,✅ ALCU-PB灰度不影响,— 不在灰度监控范围,— 不在Phase1运行监控范围,— 不在Phase2评估范围,— 不在Phase2运行监控范围,— 不在Phase3监控范围,— 不在Phase4监控范围,— 不在Phase5监控范围,— 不在Phase6监控范围,— 不在Phase8监控范围,— 不在Phase9监控范围,— 不在Phase10监控范围,— 不在Phase11监控范围,— 不在Phase12监控范围,,— 不在Phase13监控范围,,— 不在Phase15监控范围,— 不在Phase16监控范围
P2,TD-023,因子校准未验证,MEDIUM,V86.9四品种因子校准参数未经真实数据验证,3,真实数据,TRUE,TRUE,TRUE,使用真实数据重新校准因子参数；验证校准结果,4品种因子参数可能不最优,TRUE,✅ TD1评级完成(禁止) — TD-023为4品种共同阻断,✅ ALCU-PB已使用v868真实数据,⏳ 灰度期间持续监控TD-023进展,⏳ Phase1运行期持续监控TD-023进展,⏳ Phase2评估期持续监控TD-023进展,⏳ Phase2运行期持续监控TD-023进展,⏳ Phase3期持续监控TD-023进展,⏳ Phase4期持续监控TD-023进展,⏳ Phase5期持续监控TD-023进展,⏳ Phase6期持续监控TD-023进展,⏳ Phase8期持续监控TD-023进展,⏳ Phase9期持续监控TD-023进展,— 不在Phase10监控范围,— 不在Phase11监控范围,— 不在Phase12监控范围,,— 不在Phase13监控范围,,— 不在Phase15监控范围,— 不在Phase16监控范围
P2,TD-024,样本不足(SI 4.5年),MEDIUM,SI品种仅4.5年数据(1000天)，Bootstrap P95 IC仅0.005,5,等待真实数据,TRUE,TRUE,FALSE,等待真实数据积累；期间使用合成数据但标记为WEAK,SI品种因子置信度低,TRUE,✅ TD1评级完成(禁止) — TD-024为SI阻断,✅ ALCU-PB灰度不影响,— 不在灰度监控范围,— 不在Phase1运行监控范围,— 不在Phase2评估范围,— 不在Phase2运行监控范围,— 不在Phase3监控范围,— 不在Phase4监控范围,— 不在Phase5监控范围,— 不在Phase6监控范围,— 不在Phase8监控范围,— 不在Phase9监控范围,— 不在Phase10监控范围,— 不在Phase11监控范围,— 不在Phase12监控范围,,— 不在Phase13监控范围,,— 不在Phase15监控范围,— 不在Phase16监控范围
P2,TD-003,文档瑕疵,LOW,文档中存在少量瑕疵，不影响功能,1,—,FALSE,FALSE,FALSE,修复文档瑕疵；更新文档版本,不影响功能,TRUE,,✅ ALCU-PB灰度不影响,— 不在灰度监控范围,— 不在Phase1运行监控范围,— 不在Phase2评估范围,— 不在Phase2运行监控范围,— 不在Phase3监控范围,— 不在Phase4监控范围,— 不在Phase5监控范围,— 不在Phase6监控范围,— 不在Phase8监控范围,— 不在Phase9监控范围,— 不在Phase10监控范围,— 不在Phase11监控范围,— 不在Phase12监控范围,,— 不在Phase13监控范围,,— 不在Phase15监控范围,— 不在Phase16监控范围
P2,TD-011,缓存格式,LOW,缓存格式可能不兼容新版本,2,—,FALSE,FALSE,FALSE,更新缓存格式；兼容新旧版本,不影响功能,TRUE,,✅ ALCU-PB灰度不影响,— 不在灰度监控范围,— 不在Phase1运行监控范围,— 不在Phase2评估范围,— 不在Phase2运行监控范围,— 不在Phase3监控范围,— 不在Phase4监控范围,— 不在Phase5监控范围,— 不在Phase6监控范围,— 不在Phase8监控范围,— 不在Phase9监控范围,— 不在Phase10监控范围,— 不在Phase11监控范围,— 不在Phase12监控范围,,— 不在Phase13监控范围,,— 不在Phase15监控范围,— 不在Phase16监控范围
P2,TD-012,字段映射,LOW,字段映射可能不完整,1,—,FALSE,FALSE,FALSE,补全字段映射；增加映射验证,不影响功能,TRUE,,✅ ALCU-PB灰度不影响,— 不在灰度监控范围,— 不在Phase1运行监控范围,— 不在Phase2评估范围,— 不在Phase2运行监控范围,— 不在Phase3监控范围,— 不在Phase4监控范围,— 不在Phase5监控范围,— 不在Phase6监控范围,— 不在Phase8监控范围,— 不在Phase9监控范围,— 不在Phase10监控范围,— 不在Phase11监控范围,— 不在Phase12监控范围,,— 不在Phase13监控范围,,— 不在Phase15监控范围,— 不在Phase16监控范围
P2,TD-025,43候选因子IC批量检验(已完成),MEDIUM,43个碳酸锂候选因子IC分析已完成并归档，任务关闭,0,已完成,FALSE,FALSE,FALSE,43候选因子IC分析已完成并归档；结果已纳入因子处置台账；淘汰/保留决策已执行；碳酸锂候选因子检验闭环,碳酸锂因子池不完整→已完成,TRUE,✅ P1任务已完成,✅ 43候选因子检验完成,✅ 灰度期间43候选因子检验已完成,✅ Phase1运行期43候选因子检验完成,✅ Phase2评估期43候选因子检验完成,✅ Phase2运行期43候选因子检验完成,✅ Phase3期43候选因子检验完成(闭环),✅ Phase4期43候选因子检验完成(闭环),✅ Phase5期43候选因子检验完成(闭环),✅ Phase6期43候选因子检验完成(闭环),— 不在Phase8监控范围,— 不在Phase9监控范围,— 不在Phase10监控范围,— 不在Phase11监控范围,— 不在Phase12监控范围,,— 不在Phase13监控范围,,— 不在Phase15监控范围,— 不在Phase16监控范围
P2,TD-026,divergence_corrected阈值复核(已完成),MEDIUM,divergence_corrected监控指标阈值已复核，TYPE_C IC<0.10/10日→通知A侧,0,已完成,FALSE,FALSE,FALSE,TYPE_C IC<0.10持续10日→通知DSH-A侧；NORMAL IC<0.05持续5日→黄色预警,碳酸锂因子池不完整→已完成,TRUE,✅ ALCU-PB灰度已完成,✅ ALCU-PB灰度已完成,🔵 灰度期间持续监控divergence_corrected,🔵 Phase1运行期div_C监控完成(无触发),✅ Phase2评估期继承(已完成),✅ Phase2运行期div_C监控完成(W3+W4+W5+W6),✅ Phase3期div_C监控继承,✅ Phase4期div_C监控继承,✅ Phase5期div_C监控继承,✅ Phase6期div_C监控继承,— 不在Phase8监控范围,— 不在Phase9监控范围,— 不在Phase10监控范围,— 不在Phase11监控范围,— 不在Phase12监控范围,,— 不在Phase13监控范围,,— 不在Phase15监控范围,— 不在Phase16监控范围
P2,TD-027,LC废弃因子归档(持续中),MEDIUM,碳酸锂LC基本面因子体系结构性废弃，需冻结代码分支,2,TD-001确认,FALSE,TRUE,FALSE,冻结LC基本面因子代码分支；标记废弃；禁止后续回测直接调用；lc_original_hotmoney_attention_factor_archive.md已生成；22+基线文件SHA256哈希锁定,碳酸锂因子池不完整→已完成,TRUE,⏳ P1任务持续中,⏳ 持续监控中,🔵 灰度期间持续监控LC废弃因子分支,🔵 Phase1运行期持续监控LC废弃因子分支,✅ Phase2评估期继承(已完成),✅ Phase2运行期持续监控LC废弃因子分支,✅ Phase3期LC原始因子归档完成(哈希锁定),✅ Phase4期LC原始因子归档维持SHA256锁定(禁止修改),✅ Phase5期LC原始因子归档维持SHA256锁定(禁止修改),✅ Phase6期LC原始因子归档维持SHA256锁定(禁止修改),✅ Phase8期LC原始因子归档维持SHA256锁定(禁止修改),✅ Phase9期LC原始因子归档维持SHA256锁定(禁止修改),— 不在Phase10监控范围,— 不在Phase11监控范围,— 不在Phase12监控范围,,✅ Phase13期LC原始因子归档维持SHA256锁定(禁止修改),,— 不在Phase15监控范围,— 不在Phase16监控范围
P0,TD-028,ALCU-PB灰度准入(已完成),CRITICAL,AL/CU/PB三品种灰度准入评级已完成，全部准入(带条件: CU BEAR IC边缘/PB BEAR IC边缘),0,已完成,FALSE,FALSE,FALSE,AL/CU/PB灰度准入标记已生成；AL_CU_PB_FACTOR_GRAY_READY.flag已签发(带CU/PB风险备注)；DSHC可读取,AL/CU/PB可灰度上线,TRUE,✅ ALCU-PB灰度准入完成,✅ 灰度准入完成(APPROVED_WITH_CONDITIONS),🔵 灰度期间持续监控准入条件,🔵 Phase1运行期准入条件持续满足,✅ Phase2评估期准入条件持续监控(已完成),✅ Phase2运行期准入条件持续监控(W3+W4+W5+W6),✅ Phase3期AL Phase3准入执行,✅ Phase4期AL Phase3 28天监控(Day1/28),✅ Phase5期AL Phase3 28天监控(Day2/28),✅ Phase6期AL全量投产稳定监控(35天零回滚),✅ Phase8期AL全量投产持续(Phase7全周期70天零回滚),✅ Phase9期AL全量投产持续(Phase8全周期105天零回滚),— 不在Phase10监控范围,— 不在Phase11监控范围,— 不在Phase12监控范围,,✅ Phase13期AL全量投产持续(Phase12全周期210天零回滚),,— 不在Phase15监控范围,— 不在Phase16监控范围
P2,TD-032,ALCU-PB灰度Phase1关闭评估(已完成),MEDIUM,2周灰度结束后评估Phase1综合表现，决定是否进入Phase2,0,灰度Phase1结束,FALSE,FALSE,FALSE,"Phase1全部指标汇总已完成；phase1_factor_final_assessment.md已生成；Phase1验收8/9通过(1项条件通过)；AL/PB准入Phase2,CU延期",Phase1→Phase2升级决策,TRUE,—,✅ 灰度准入完成,⏳ Phase1结束后评估(W2结束),🔵 Phase1运行期评估完成(评分89),✅ Phase2评估期准入决策已做出,✅ Phase2运行期准入决策执行中,✅ Phase3期AL准入决策执行,✅ Phase4期AL Phase4准入准备中,✅ Phase5期AL Phase4准入准备中,✅ Phase6期AL全量投产执行,— 不在Phase8监控范围,— 不在Phase9监控范围,— 不在Phase10监控范围,— 不在Phase11监控范围,— 不在Phase12监控范围,,— 不在Phase13监控范围,,— 不在Phase15监控范围,— 不在Phase16监控范围
P2,TD-035,Phase2因子准入评估规范(已完成),MEDIUM,Phase2因子准入评估标准已制定(IC稳定性/最大回撤/跨区制鲁棒性/漂移触发频次),0,已完成,FALSE,FALSE,FALSE,phase2_factor_evaluation_spec.md已交付；含Phase1→Phase2升级条件/Phase2评分标准/Phase2→Phase3升级条件,Phase2评估框架就绪,TRUE,—,✅ ALCU-PB灰度准入完成,⏳ Phase2评估执行(待Phase1关闭),✅ Phase1运行期Phase2评估素材收集完成,✅ Phase2评估期规范执行完成,✅ Phase2运行期按规范执行,✅ Phase3期按规范执行,✅ Phase4期按规范执行,✅ Phase5期按规范执行,✅ Phase6期按规范执行,— 不在Phase8监控范围,— 不在Phase9监控范围,— 不在Phase10监控范围,— 不在Phase11监控范围,— 不在Phase12监控范围,,— 不在Phase13监控范围,,— 不在Phase15监控范围,— 不在Phase16监控范围
P2,TD-036,降级监控因子权重放开评估(已完成),MEDIUM,Phase2期间评估F08/F09/F11/F12权重放开(从0.5x至1.0x)，σ<IC×100持续4周,0,已完成,FALSE,FALSE,FALSE,F08/F09/F11/F12 σ 4周全部<100x(62x/69x/57x/54x)；4/4周σ条件全部达标；权重放开批准；W5执行放开至1.0x,4监控因子权重放开决策,TRUE,—,✅ Phase2评估中,✅ Phase2权重放开评估完成,✅ Phase1运行期σ数据收集完成,✅ Phase2评估期权重放开评估完成,✅ Phase2运行期权重放开批准(W4 4/4周),✅ Phase3期权重放开执行(1.0x),✅ Phase4期权重放开执行完成(W5 1.0x); 漂移监控持续,✅ Phase5期权重1.0x持续(W6 σ稳定); 6/6周全部达标,✅ Phase6期权重1.0x持续(W1~W7共7周σ全部<100x); 6/6周全部达标,✅ Phase8期权重1.0x持续(W3~W7共5周σ全部<100x); 12/12周全部达标,✅ Phase9期权重1.0x持续(Phase8全周期7周σ全部<100x); 19/19周全部达标,— 不在Phase10监控范围,— 不在Phase11监控范围,— 不在Phase12监控范围,,— 不在Phase13监控范围,,— 不在Phase15监控范围,— 不在Phase16监控范围
P2,TD-037,热钱/注意力因子区制扩展评估(暂缓),MEDIUM,Phase2期间评估F19/F20区制扩展(从TYPE_S/MIXED限定至NORMAL/BEAR),1,Phase2运行数据,FALSE,FALSE,FALSE,"F19/F20区制扩展暂缓(原因: CU BEAR IC=0.0233<0.025,PB BEAR IC=0.0291<0.030持续30天)；待CU/PB BEAR IC改善后评估BEAR区制扩展；f19_f20_gray_summary.md已生成",热钱/注意力因子区制扩展决策,TRUE,—,⏳ Phase2评估中,✅ Phase2区制扩展评估完成,✅ Phase1运行期区制数据收集完成,✅ Phase2评估期区制扩展评估完成,✅ Phase2运行期区制扩展暂缓(W3+W4+W5+W6),✅ Phase3期区制扩展暂缓(0/14天),✅ Phase4期区制扩展暂缓(0/14天; CU/PB BEAR IC未改善),✅ Phase5期区制扩展暂缓(0/14天; CU/PB BEAR IC持续30天未改善),✅ Phase6期区制扩展暂缓(0/14天; CU/PB BEAR IC持续45天未改善),✅ Phase8期区制扩展暂缓(0/14天; CU/PB BEAR IC持续70天未改善; VIS-001 F19/F20对比接口就绪),✅ Phase9期区制扩展暂缓(0/14天; CU/PB BEAR IC持续105天未改善; VIS-001 F19/F20独立净值曲线就绪),— 不在Phase10监控范围,— 不在Phase11监控范围,— 不在Phase12监控范围,,— 不在Phase13监控范围,,— 不在Phase15监控范围,— 不在Phase16监控范围
P2,TD-038,ZN_NI_SN_SI接入模板维护(HIGH),MEDIUM,ZN_NI_SN_SI_real_data_ingestion_template.py维护，等待TD-002/TD-014真实数据接入,0,TD-002/TD-014,FALSE,FALSE,FALSE,持续维护接入模板；确保真实数据接入时可直接运行；更新数据格式说明,4品种真实数据接入准备,TRUE,✅ TD1评级完成(禁止),⏳ 持续维护中,🔵 灰度期间持续维护接入模板,🔵 Phase1运行期持续维护接入模板,✅ Phase2评估期持续维护(继承),✅ Phase2运行期持续维护(W3+W4+W5+W6),✅ Phase3期持续维护,✅ Phase4期持续维护; ZN/NI/SN/SI前置因子模板就绪,✅ Phase5期ZN/NI/SN/SI数据门禁检查清单完成(td002_td014_data_checklist.md); multi_comm_factor_template_v1.py就绪,✅ Phase6期ZN/NI/SN/SI数据门禁检查清单持续维护; PC-003双门禁锁定; 等待真实数据触发解锁,⏳ Phase8期持续监控TD-002进展; PC-003双门禁锁定延续; VIS-001可视化工作台开发完成; 等待真实数据触发解锁,⏳ Phase9期持续监控TD-002进展; PC-003双门禁锁定延续; ZN/NI/SN/SI预校验脚本就绪; 等待真实数据触发解锁,— 不在Phase10监控范围,— 不在Phase11监控范围,— 不在Phase12监控范围,,— 不在Phase13监控范围,,— 不在Phase15监控范围,— 不在Phase16监控范围
P1,TD-039,Phase1运行期漂移告警日志(已完成),HIGH,Phase1运行期(2周10交易日)全部漂移告警事件记录,0,已完成,FALSE,FALSE,FALSE,factor_drift_alert_log_runtime.csv已生成；含12条漂移告警(10条CU BEAR IC RED+2条YELLOW)；CU BEAR IC每日追踪10/10日；PB BEAR IC每日追踪10/10日,Phase1运行期漂移监控,TRUE,—,✅ ALCU-PB灰度准入完成,🔵 Phase1周度监控完成,🔵 Phase1运行期漂移告警日志已生成(12条),✅ Phase2评估期继承漂移监控(已完成),✅ Phase2运行期漂移告警日志已更新(W3+W4+W5+W6共33条),✅ Phase3期漂移告警日志持续,✅ Phase4期漂移告警日志持续(W5追加),✅ Phase5期漂移告警日志持续(W6追加; 总计33条),✅ Phase6期漂移告警日志持续(W1~W7共7周追加),✅ Phase8期漂移告警日志持续(W3~W7共5周追加; 总计70条告警; Phase7全周期监控完成),✅ Phase9期漂移告警日志持续(Phase8全周期35条CU RED+35条PB YELLOW; 总计105条告警; Phase8全周期监控完成),— 不在Phase10监控范围,— 不在Phase11监控范围,— 不在Phase12监控范围,,— 不在Phase13监控范围,,— 不在Phase15监控范围,— 不在Phase16监控范围
P2,TD-040,Phase1因子综合评估报告(已完成),MEDIUM,Phase1全周期因子综合评估报告，含Phase2准入决策建议,0,已完成,FALSE,FALSE,FALSE,phase1_factor_final_assessment.md已生成；含验收标准9项评估(8/9通过)；Phase2综合评分89分；AL无条件准入/CU延期/PB条件准入,Phase1→Phase2评估决策,TRUE,—,✅ ALCU-PB灰度准入完成,⏳ Phase1结束后评估,🔵 Phase1运行期综合评估报告已生成,✅ Phase2评估期准入决策依据(已完成),✅ Phase2运行期决策执行中,✅ Phase3期AL准入决策执行,✅ Phase4期AL Phase4准入准备,✅ Phase5期AL Phase4准入准备,✅ Phase6期AL全量投产执行,— 不在Phase8监控范围,— 不在Phase9监控范围,— 不在Phase10监控范围,— 不在Phase11监控范围,— 不在Phase12监控范围,,— 不在Phase13监控范围,,— 不在Phase15监控范围,— 不在Phase16监控范围
P2,TD-041,Phase2综合评分与准入决策(已完成),MEDIUM,Phase2综合评分(89分)和品种级准入决策,0,已完成,FALSE,FALSE,FALSE,Phase2综合评分: AL=95/CU=80/PB=92/均分=89；准入决策: AL无条件/PB条件/CU延期；含仓位规划(AL 10%/PB 3%/CU 1.5%维持),Phase2准入决策,TRUE,—,✅ ALCU-PB灰度准入完成,⏳ Phase2评估执行,🔵 Phase1运行期Phase2决策已做出,✅ Phase2评估期决策完成,✅ Phase2运行期决策执行中(W3+W4+W5+W6),✅ Phase3期AL准入执行,✅ Phase4期AL Phase4准入准备,✅ Phase5期AL Phase4准入准备,✅ Phase6期AL全量投产执行,— 不在Phase8监控范围,— 不在Phase9监控范围,— 不在Phase10监控范围,— 不在Phase11监控范围,— 不在Phase12监控范围,,— 不在Phase13监控范围,,— 不在Phase15监控范围,— 不在Phase16监控范围
P1,TD-042,Phase2因子终审报告(已完成),HIGH,Phase2因子准入终审报告，含品种准入约束配置/仓位限制/风险触发逻辑,0,已完成,FALSE,FALSE,FALSE,phase2_factor_final_review.md已生成；含AL无条件准入/PB条件准入/CU延期准入规则；含CU准入前置条件(BEAR IC>0.025/14天)；含仓位限制/风险触发逻辑/因子池配置/Phase3升级条件/跨端对齐,Phase2准入决策,TRUE,—,✅ ALCU-PB灰度准入完成,✅ Phase2终审完成,✅ Phase1运行期Phase2决策已做出,✅ Phase2评估期终审完成,✅ Phase2运行期终审规则执行中,✅ Phase3期AL终审规则执行,✅ Phase4期AL Phase4准入准备,✅ Phase5期AL Phase4准入准备,✅ Phase6期AL全量投产执行,— 不在Phase8监控范围,— 不在Phase9监控范围,— 不在Phase10监控范围,— 不在Phase11监控范围,— 不在Phase12监控范围,,— 不在Phase13监控范围,,— 不在Phase15监控范围,— 不在Phase16监控范围
P2,TD-043,Phase2权重放开评估报告(已完成),MEDIUM,F08/F09/F11/F12权重放开评估报告，含4/4周σ数据,0,已完成,FALSE,FALSE,FALSE,phase2_factor_weight_release_report.md已更新；含σ趋势完整数据(Phase1+W3+W4+W5+W6)；含6/6周σ<IC×100全部达标；含权重放开批准决策；W5执行放开至1.0x,4监控因子权重放开评估,TRUE,—,✅ Phase2评估中,✅ Phase2权重放开评估完成,✅ Phase1运行期σ数据收集完成,✅ Phase2评估期权重放开评估完成,✅ Phase2运行期权重放开批准(W4 4/4周),✅ Phase3期权重放开执行,✅ Phase4期权重放开执行完成(W5 1.0x),✅ Phase5期权重1.0x持续(W6 σ稳定; 6/6周全部达标),✅ Phase6期权重1.0x持续(W1~W7共7周σ全部<100x); 7/7周全部达标,✅ Phase8期权重1.0x持续(W3~W7共5周σ全部<100x); 12/12周全部达标,✅ Phase9期权重1.0x持续(Phase8全周期7周σ全部<100x); 19/19周全部达标,— 不在Phase10监控范围,— 不在Phase11监控范围,— 不在Phase12监控范围,,— 不在Phase13监控范围,,— 不在Phase15监控范围,— 不在Phase16监控范围
P2,TD-044,Phase2 F19/F20区制扩展评估(已完成),MEDIUM,F19热钱/F20注意力因子区制扩展评估报告，含BEAR区制IC条件分析,0,已完成,FALSE,FALSE,FALSE,"phase2_f19_f20_regime_expansion_eval.md已生成；含F19/F20 Phase1+W3+W4+W5+W6表现；含区制扩展条件(CU BEAR IC>0.025,PB BEAR IC>0.030/14天)；含BEAR IC全周期追踪(30天)；含区制扩展风险评估；含决策(暂缓)",热钱/注意力因子区制扩展评估,TRUE,—,⏳ Phase2评估中,✅ Phase2区制扩展评估完成,✅ Phase1运行期区制数据收集完成,✅ Phase2评估期区制扩展评估完成,✅ Phase2运行期区制扩展暂缓(W3+W4+W5+W6),✅ Phase3期区制扩展暂缓,✅ Phase4期区制扩展暂缓,✅ Phase5期区制扩展暂缓(0/14天; 30天未改善),✅ Phase6期区制扩展暂缓(0/14天; 45天未改善),✅ Phase8期区制扩展暂缓(0/14天; 70天未改善; VIS-001 F19/F20对比可视化完成),✅ Phase9期区制扩展暂缓(0/14天; 105天未改善; VIS-001 F19/F20独立净值曲线可视化完成),— 不在Phase10监控范围,— 不在Phase11监控范围,— 不在Phase12监控范围,,— 不在Phase13监控范围,,— 不在Phase15监控范围,— 不在Phase16监控范围
P2,TD-045,Phase2准入审批Flag(已完成),MEDIUM,Phase2因子准入审批Flag，含品种准入状态/仓位配置/风险备注/Phase3升级条件,0,已完成,FALSE,FALSE,FALSE,PHASE2_FACTOR_APPROVE.flag已签发；含AL无条件准入/PB条件准入/CU延期准入状态；含仓位配置(AL 10%/PB 3%/CU 1.5%)；含风险备注(FR-RISK-501持续)；含Phase3升级条件(10/12满足),Phase2准入审批,TRUE,—,✅ ALCU-PB灰度准入完成,✅ Phase2审批Flag已签发,✅ Phase1运行期Phase2决策已做出,✅ Phase2评估期审批完成,✅ Phase2运行期审批执行中,✅ Phase3期AL审批Flag签发,✅ Phase4期Phase4审批Flag准备,✅ Phase5期Phase5审批Flag签发准备,✅ Phase6期Phase6审批Flag签发(PHASE6_FACTOR_APPROVE.flag),✅ Phase8期Phase8审批Flag签发准备(PHASE8_FACTOR_APPROVE.flag),✅ Phase9期Phase9审批Flag签发准备(PHASE9_FACTOR_APPROVE.flag),— 不在Phase10监控范围,— 不在Phase11监控范围,— 不在Phase12监控范围,,— 不在Phase13监控范围,,— 不在Phase15监控范围,— 不在Phase16监控范围
P1,TD-046,F19/F20熊市区制约束(MEDIUM),MEDIUM,F19热钱/F20注意力因子BEAR区制约束固化，BEAR区制下F19/F20不启用，仅在充裕/中性流动性区激活,0,已完成,FALSE,FALSE,FALSE,F19/F20熊市区制约束已固化；BEAR区制下F19/F20不启用；仅在TYPE_S/NORMAL/CRISIS(MIXED)区激活；流动性匮乏时权重降至0.3；三端(DSHA/DSHC/DSHD)对齐确认；写入PHASE3_FACTOR_APPROVE.flag,F19/F20区制约束固化,TRUE,—,⏳ Phase2评估中,⏳ Phase2区制扩展评估中,✅ Phase1运行期区制数据收集完成,✅ Phase2评估期区制扩展评估完成,✅ Phase2运行期区制扩展暂缓(W3+W4+W5+W6),✅ Phase3期区制约束固化(执行),✅ Phase4期区制约束持续管控(TD-046闭环); ZN/NI/SN/SI预评估中熊市区制约束延续,✅ Phase5期区制约束持续管控(TD-046闭环); ZN/NI/SN/SI数据门禁中熊市区制约束延续,✅ Phase6期区制约束持续管控(TD-046闭环); ZN/NI/SN/SI数据门禁中熊市区制约束延续,✅ Phase8期区制约束持续管控(TD-046闭环); VIS-001可视化工作台BEAR区制约束正确体现; ZN/NI/SN/SI数据门禁中熊市区制约束延续,✅ Phase9期区制约束持续管控(TD-046闭环); VIS-001可视化工作台BEAR区制约束正确体现(F19/F20独立净值曲线); ZN/NI/SN/SI数据门禁中熊市区制约束延续,— 不在Phase10监控范围,— 不在Phase11监控范围,— 不在Phase12监控范围,,— 不在Phase13监控范围,,— 不在Phase15监控范围,— 不在Phase16监控范围
P2,TD-047,AL Phase3因子规格书(已完成),MEDIUM,AL(铝) Phase3因子配置规格书，含全量因子配置/仓位/风险监控/运维参数,0,已完成,FALSE,FALSE,FALSE,AL_PHASE3_FACTOR_SPEC.md已生成；含AL Phase3无条件准入结论；含20因子全量配置(14核心+4监控+2特殊)；含15%仓位配置；含4区制表现固化；含FR-RISK配置；含运维参数；含终审签署,AL Phase3因子配置,TRUE,—,✅ ALCU-PB灰度准入完成,✅ AL Phase3终审完成,✅ Phase1运行期AL准入决策,✅ Phase2评估期AL终审,✅ Phase2运行期AL终审规则执行,✅ Phase3期AL配置执行,✅ Phase4期AL Phase3 28天监控(Day1/28),✅ Phase5期AL Phase3 28天监控(Day2/28),✅ Phase6期AL全量投产执行(5%基线→15%上限),✅ Phase8期AL全量投产持续(Phase7全周期; VIS-001可视化工作台开发完成),✅ Phase9期AL全量投产持续(Phase8全周期; VIS-001多品种对比面板+F19/F20独立净值曲线就绪),— 不在Phase10监控范围,— 不在Phase11监控范围,— 不在Phase12监控范围,,— 不在Phase13监控范围,,— 不在Phase15监控范围,— 不在Phase16监控范围
P2,TD-048,F19/F20灰度复盘报告(已完成),MEDIUM,F19热钱/F20注意力因子Phase1+Phase2完整灰度复盘，含CU BEAR区F19失效分析,0,已完成,FALSE,FALSE,FALSE,f19_f20_gray_summary.md已生成；含F19/F20 25交易日完整表现(W6更新至30交易日)；含CU BEAR区F19失效原因分析(流动性枯竭+基本面主导)；含区制扩展条件评估(0/14天); 含熊市区制约束固化; 含三端对齐配置,F19/F20灰度复盘,TRUE,—,⏳ Phase2评估中,✅ F19/F20灰度复盘完成,✅ Phase1运行期区制数据收集完成,✅ Phase2评估期区制扩展评估完成,✅ Phase2运行期区制扩展暂缓(W3+W4+W5+W6),✅ Phase3期区制约束固化,✅ Phase4期区制约束持续管控,✅ Phase5期区制约束持续管控(W6更新至30交易日),✅ Phase6期区制约束持续管控(更新至45交易日),✅ Phase8期区制约束持续管控(更新至70交易日; VIS-001 F19/F20对比可视化完成),✅ Phase9期区制约束持续管控(更新至105交易日; VIS-001 F19/F20独立净值曲线可视化完成),— 不在Phase10监控范围,— 不在Phase11监控范围,— 不在Phase12监控范围,,— 不在Phase13监控范围,,— 不在Phase15监控范围,— 不在Phase16监控范围
P2,TD-049,LC原始因子归档(已完成),MEDIUM,LC碳酸锂原始热钱/资金注意力因子归档文档，含流动性充裕前置开关/原始公式/原型回测指标/当年汇报可视化材料说明,0,已完成,FALSE,FALSE,FALSE,lc_original_hotmoney_attention_factor_archive.md已生成；含F19/F20原型公式与计算逻辑；含流动性充裕前置开关；含原型回测指标(LC V86.8)；含迁移记录；含22+基线文件SHA256哈希锁定；只读冻结,LC原型因子归档,TRUE,—,✅ ALCU-PB灰度准入完成,✅ LC原始因子归档完成,✅ Phase1运行期LC废弃因子监控,✅ Phase2评估期继承,✅ Phase2运行期持续监控,✅ Phase3期LC原始因子归档完成(哈希锁定),✅ Phase4期LC原始因子归档维持SHA256锁定(禁止修改),✅ Phase5期LC原始因子归档维持SHA256锁定(禁止修改),✅ Phase6期LC原始因子归档维持SHA256锁定(禁止修改),✅ Phase8期LC原始因子归档维持SHA256锁定(禁止修改),✅ Phase9期LC原始因子归档维持SHA256锁定(禁止修改),— 不在Phase10监控范围,— 不在Phase11监控范围,— 不在Phase12监控范围,,— 不在Phase13监控范围,,— 不在Phase15监控范围,— 不在Phase16监控范围
P2,TD-050,Phase3准入审批Flag(已完成),MEDIUM,Phase3因子准入审批Flag，含AL Phase3准入/PB-CU维持现状规则/跨端对齐,0,已完成,FALSE,FALSE,FALSE,PHASE3_FACTOR_APPROVE.flag已签发；含AL Phase3无条件准入(15%仓位)；含PB维持Phase2条件准入(3%)；含CU维持延期(1.5%)；含F08/F09/F11/F12权重放开执行；含F19/F20熊市区制约束；含DSHC/DSHD对齐；含FR-RISK口径对齐,Phase3准入审批,TRUE,—,✅ ALCU-PB灰度准入完成,✅ Phase3审批Flag已签发,✅ Phase1运行期Phase2决策,✅ Phase2评估期Phase2终审,✅ Phase2运行期Phase2终审执行,✅ Phase3期Phase3审批执行,✅ Phase4期Phase4审批Flag签发,✅ Phase5期Phase5审批Flag签发准备,✅ Phase6期Phase6审批Flag签发(PHASE6_FACTOR_APPROVE.flag),✅ Phase8期Phase8审批Flag签发准备(PHASE8_FACTOR_APPROVE.flag),✅ Phase9期Phase9审批Flag签发准备(PHASE9_FACTOR_APPROVE.flag),— 不在Phase10监控范围,— 不在Phase11监控范围,— 不在Phase12监控范围,,— 不在Phase13监控范围,,— 不在Phase15监控范围,— 不在Phase16监控范围
P1,TD-051,Phase3 28天稳定观测期监控(HIGH),HIGH,AL Phase3 28天稳定观测期逐日监控，走完28天Phase3观测窗口后触发Phase4投产终审,0,Phase3启动(11-28),FALSE,FALSE,FALSE,"al_phase4_28day_monitor_log.csv已生成并持续追加；含Day1/28数据(IC=0.0586,BEAR IC=0.0414,IR=46.68,VIF=1.0058)；含Day2/28数据(IC=0.0585,BEAR IC=0.0412,IR=46.55,VIF=1.0056)；含28天监控窗口配置；含10项逐日检查项；含10项通过标准；含回滚条件(BEAR IC<0.035/5日或FR-RISK-508)；含异常事件记录模板",AL Phase3 28天稳定观测,TRUE,—,✅ ALCU-PB灰度准入完成,✅ AL Phase3终审完成,✅ Phase1运行期AL准入决策,✅ Phase2评估期AL终审,✅ Phase2运行期AL终审规则执行,✅ Phase3期AL 28天监控启动,✅ Phase4期Phase3 28天监控执行(Day1/28); Phase4投产终审准备中,✅ Phase5期Phase3 28天监控执行(Day2/28); Phase4投产终审准备中; 无异常事件,✅ Phase6期AL全量投产稳定监控(28天观测期已完成; 转入全量投产持续监控35天),✅ Phase8期AL全量投产持续监控(Phase7全周期70天零回滚); VIS-001可视化工作台开发完成,✅ Phase9期AL全量投产持续监控(Phase8全周期105天零回滚); VIS-001多品种对比面板+F19/F20独立净值曲线就绪,— 不在Phase10监控范围,— 不在Phase11监控范围,— 不在Phase12监控范围,,— 不在Phase13监控范围,,— 不在Phase15监控范围,— 不在Phase16监控范围
P2,TD-052,Phase4准入审批Flag(已完成),MEDIUM,Phase4因子准入审批Flag，含AL Phase4准入判定规则/PB-CU维持现状/ZN/NI/SN/SI预评估结果,0,已完成,FALSE,FALSE,FFALSE,"PHASE4_FACTOR_APPROVE.flag已签发；含AL Phase4准入判定规则(28天无异常触发); 含PB维持Phase3条件准入(3%); 含CU维持延期(1.5%); 含ZN/NI/SN/SI预评估结果(架构就绪,等待真实数据); 含DSHC/DSHD对齐; 含Phase4 FR-RISK口径; 含ZN/NI/SN/SI解冻门禁逻辑",Phase4准入审批,TRUE,—,✅ ALCU-PB灰度准入完成,✅ Phase4审批Flag已签发,✅ Phase1运行期Phase2决策,✅ Phase2评估期Phase2终审,✅ Phase2运行期Phase2终审执行,✅ Phase3期Phase3审批执行,✅ Phase4期Phase4审批Flag签发; DSHC可解析读取,✅ Phase5期Phase5审批Flag签发准备,✅ Phase6期Phase6审批Flag签发(PHASE6_FACTOR_APPROVE.flag),✅ Phase8期Phase8审批Flag签发准备(PHASE8_FACTOR_APPROVE.flag),✅ Phase9期Phase9审批Flag签发准备(PHASE9_FACTOR_APPROVE.flag),— 不在Phase10监控范围,— 不在Phase11监控范围,— 不在Phase12监控范围,,— 不在Phase13监控范围,,— 不在Phase15监控范围,— 不在Phase16监控范围
P2,TD-053,ZN/NI/SN/SI多品种F19/F20预评估(已完成),MEDIUM,ZN/NI/SN/SI四品种F19/F20因子预评估，基于LC原型架构复用，含流动性开关品种适配/区制表现/品种特有参数,0,已完成,FALSE,FFALSE,"zn_ni_sn_si_factor_pre_eval.md已生成；含LC原型F19/F20架构复用验证；含流动性充裕前置开关品种适配(ZN/NI HIGH, SN LOW, SI LOWEST); 含4品种区制表现对比; 含合约乘数/换月/盘口差异识别; 含多品种因子模板(ZN_NI_SN_SI_F19_F20_Template); 含真实数据后预期评级(ZN A-/NI B+/SN A-/SI B)",ZN/NI/SN/SI因子预评估,TRUE,✅ TD1评级完成(禁止),✅ ALCU-PB灰度不影响,✅ 灰度期间持续维护接入模板,✅ Phase1运行期持续维护接入模板,✅ Phase2评估期持续维护(继承),✅ Phase2运行期持续维护(W3+W4+W5+W6),✅ Phase3期持续维护,"✅ Phase4期ZN/NI/SN/SI预评估完成(架构就绪,等待真实数据)",✅ Phase5期ZN/NI/SN/SI预评估完成(架构就绪); 数据门禁检查清单完成(td002_td014_data_checklist.md); multi_comm_factor_template_v1.py就绪,✅ Phase6期ZN/NI/SN/SI预评估完成(架构就绪); PC-003双门禁锁定; 等待真实数据触发解锁,✅ Phase8期ZN/NI/SN/SI预评估完成(架构就绪); PC-003双门禁锁定延续; VIS-001可视化工作台开发完成,✅ Phase9期ZN/NI/SN/SI预评估完成(架构就绪); PC-003双门禁锁定延续; ZN/NI/SN/SI预校验脚本就绪,— 不在Phase10监控范围,— 不在Phase11监控范围,— 不在Phase12监控范围,,,— 不在Phase13监控范围,,— 不在Phase15监控范围,— 不在Phase16监控范围
P2,TD-054,Phase2 W5周报(已完成),MEDIUM,Phase2 W5(11-14~11-20)周报，含F08/F09/F11/F12权重切换执行评估,0,已完成,FALSE,FALSE,FALSE,alcupb_gray_factor_weekly_report_W5.md已生成；含F08/F09/F11/F12权重切换至1.0x执行(4/4周σ达标); 含W5漂移告警(5条RED CU BEAR IC + 5条YELLOW PB BEAR IC); 含Phase2 W6预览; 含Phase3启动准备确认,Phase2 W5周报,TRUE,—,✅ Phase2评估中,✅ Phase2 W5周报已生成,✅ Phase1运行期OOS监控完成,✅ Phase2评估期周报完成,✅ Phase2运行期W5周报产出,✅ Phase3期W5周报产出,✅ Phase4期W5周报产出,✅ Phase5期W5周报产出; W6周报产出,✅ Phase6期W6周报产出; W7周报产出,✅ Phase8期W7周报归档; W8周报产出(alcupb_gray_factor_weekly_report_W8.md); Phase7全周期监控归档,✅ Phase9期W9周报产出(alcupb_gray_factor_weekly_report_W9.md); Phase8全周期监控归档,— 不在Phase10监控范围,— 不在Phase11监控范围,— 不在Phase12监控范围,,— 不在Phase13监控范围,,— 不在Phase15监控范围,— 不在Phase16监控范围
P1,TD-055,multi_comm_factor_template_v1.py 创建(HIGH),HIGH,ZN/NI/SN/SI多品种F19/F20因子配置模板v1，含品种级参数适配/流动性阈值/数据门禁校验,0,已完成,FALSE,FALSE,FALSE,"multi_comm_factor_template_v1.py已生成(830+行Python)；含4品种参数定义(VARIETY_PARAMS: ZN/NI/SN/SI); 含F19配置(α=0.4/β=0.3/γ=0.3, LC原型复用); 含F20配置(δ=0.35/ε=0.35/ζ=0.30, LC原型复用); 含流动性4状态引擎(LiquiditySwitch: ABUNDANT/NORMAL/SCARCITY/DRY, 品种级阈值适配); 含区制因子激活引擎(RegimeFactorEngine: TD-046 BEAR禁用); 含因子计算引擎(FactorCalculator: LC原型公式); 含合约差异校验器(ContractDiffChecker); 含数据门禁校验器(DataGateChecker: TD-002/TD-014阈值); 含MultiCommFactorTemplate统一管理器; 含自检入口",ZN/NI/SN/SI因子模板,TRUE,—,✅ TD1评级完成(禁止),✅ ALCU-PB灰度不影响,✅ 灰度期间持续维护接入模板,✅ Phase1运行期持续维护接入模板,✅ Phase2评估期持续维护(继承),✅ Phase2运行期持续维护(W3+W4+W5+W6),✅ Phase3期持续维护,✅ Phase4期ZN/NI/SN/SI前置因子模板就绪,✅ Phase5期multi_comm_factor_template_v1.py已创建; 830+行Python; 含13个组件; 自检通过,✅ Phase6期multi_comm_factor_template_v1.py持续维护; PC-003双门禁锁定; 等待真实数据触发解锁,⏳ Phase8期持续监控TD-002进展; PC-003双门禁锁定延续; VIS-001可视化工作台开发完成; 等待真实数据触发解锁,⏳ Phase9期持续监控TD-002进展; PC-003双门禁锁定延续; ZN/NI/SN/SI预校验脚本就绪; 等待真实数据触发解锁,— 不在Phase10监控范围,— 不在Phase11监控范围,— 不在Phase12监控范围,— 不在Phase13监控范围,,— 不在Phase15监控范围,— 不在Phase16监控范围
P1,TD-056,TD002/TD014数据准入前置检查清单(HIGH),HIGH,ZN/NI/SN/SI四品种真实数据接入前置检查清单，含数据源可用性/数据完整性/异常拦截/解冻门禁,0,已完成,FALSE,FALSE,FALSE,td002_td014_data_checklist.md已生成(380+行)；含107项检查项(数据源10+完整性10+品种阈值32+异常拦截25+就绪度16+质量校验14+门禁10); 含25条异常拦截规则(AQ-01~10数据质量+FC-01~08因子计算+DC-01~05一致性); 含14条数据质量校验规则(DQ-01~09日度+FQ-01~10因子计算); 含10项解冻门禁(GATE-1~10); 含部分解冻逻辑(品种级); 含关键路径识别(SI GFEX/NI规则/SN流动性); 含数据接入工作流(6步骤/10人天),数据门禁检查清单,TRUE,✅ TD1评级完成(禁止),✅ ALCU-PB灰度不影响,✅ 灰度期间持续监控TD-014,✅ Phase1运行期持续监控TD-014,✅ Phase2评估期持续监控TD-014,✅ Phase2运行期持续监控TD-014,✅ Phase3期持续监控TD-014,✅ Phase4期ZN/NI/SN/SI预评估完成,✅ Phase5期数据门禁检查清单已创建; 107项检查; 10项解冻门禁; 全部BLOCKED等待真实数据,✅ Phase6期数据门禁检查清单持续维护; PC-003双门禁锁定; 107项检查; 10项解冻门禁; 全部BLOCKED等待真实数据,⏳ Phase8期持续监控TD-014进展; PC-003双门禁锁定延续; VIS-001可视化工作台开发完成; 等待真实数据触发解锁,⏳ Phase9期持续监控TD-014进展; PC-003双门禁锁定延续; ZN/NI/SN/SI预校验脚本就绪; 等待真实数据触发解锁,— 不在Phase10监控范围,— 不在Phase11监控范围,— 不在Phase12监控范围,,— 不在Phase13监控范围,,— 不在Phase15监控范围,— 不在Phase16监控范围
P2,TD-057,Phase5准入审批Flag(已完成),MEDIUM,Phase5因子准入审批Flag，含AL观测进展/PB-CU维持状态/ZN/NI/SN/SI数据门禁与模板,0,已完成,FALSE,FALSE,FALSE,"PHASE5_FACTOR_APPROVE.flag已签发；含AL Phase3 28天观测进展(Day2/28, 无异常); 含PB维持条件准入(BEAR IC<0.030持续30/30天); 含CU维持延期(BEAR IC<0.025持续30/30天); 含ZN/NI/SN/SI数据门禁检查清单完成; 含multi_comm_factor_template_v1.py就绪; 含Phase2 W6周报产出(Phase2关闭); 含DSHC编排器可解析读取; 含7项交付物清单",Phase5准入审批,TRUE,—,✅ ALCU-PB灰度准入完成,✅ Phase5审批Flag准备,✅ Phase1运行期Phase2决策,✅ Phase2评估期Phase2终审,✅ Phase2运行期Phase2终审执行,✅ Phase3期Phase3审批执行,✅ Phase4期Phase4审批Flag签发,✅ Phase5期Phase5审批Flag签发; DSHC可解析读取,✅ Phase6期Phase6审批Flag签发(PHASE6_FACTOR_APPROVE.flag),✅ Phase8期Phase8审批Flag签发准备(PHASE8_FACTOR_APPROVE.flag),✅ Phase9期Phase9审批Flag签发准备(PHASE9_FACTOR_APPROVE.flag),— 不在Phase10监控范围,— 不在Phase11监控范围,— 不在Phase12监控范围,,— 不在Phase13监控范围,,— 不在Phase15监控范围,— 不在Phase16监控范围
P1,TD-058,Phase6 AL全量投产稳定监控(HIGH),HIGH,AL全量投产稳定监控(Phase6)，含逐日IC/IR/VIF采集/FR-RISK追踪/零回滚验证,0,Phase6启动(11-11),FALSE,FALSE,FALSE,al_phase_runtime_monitor_log.csv已创建; Phase6 D1~D35逐日数据采集; AL全量投产5%基线/15%上限; IC均值0.0600; BEAR IC均值0.0408; IR均值48.08; VIF均值1.0054; 零回撤; 零翻转; 零回滚; 7周σ全部<IC×100; F19/F20熊市区制约束全程生效; FR-RISK-501持续MONITOR(35天); 全指标稳定,AL全量投产稳定监控,TRUE,—,✅ ALCU-PB灰度准入完成,✅ AL Phase3终审完成,✅ Phase1运行期AL准入决策,✅ Phase2评估期AL终审,✅ Phase2运行期AL终审规则执行,✅ Phase3期AL 28天监控启动,✅ Phase4期Phase3 28天监控执行(Day1/28),✅ Phase5期Phase3 28天监控执行(Day2/28),✅ Phase6期AL全量投产稳定监控(35天零回滚); al_phase_runtime_monitor_log.csv已创建,✅ Phase8期AL全量投产持续监控(Phase7全周期35天; Phase6+Phase7总计70天零回滚); VIS-001可视化工作台开发完成,✅ Phase9期AL全量投产持续监控(Phase8全周期35天; Phase6+Phase7+Phase8总计105天零回滚); VIS-001多品种对比面板+F19/F20独立净值曲线就绪,— 不在Phase10监控范围,— 不在Phase11监控范围,— 不在Phase12监控范围,,— 不在Phase13监控范围,,— 不在Phase15监控范围,— 不在Phase16监控范围
P1,TD-059,Phase7 VIS-001可视化工作台前置开发(HIGH),HIGH,可视化工作台底层接口开发(VIS-001)，含回测API封装/因子元数据静态库/预计算基准数据集,0,已完成,FALSE,FALSE,FALSE,"VIS-001开发完成: factor_backtest_api_wrapper.py(800+行Python, 5个API类: FactorBacktestEngine/FactorMetadataAPI/DatasetManager/SingleFactorComparisonAPI/VisualizationDataPreparer, 25+方法); factor_meta_library.json(20因子完整元数据, 含量价/基本面/自研资金行为分类, 公式/区制约束/迭代历史); vis_pre_calc_dataset.zip(15个CSV文件, AL/CU/PB净值时序/K线/信号/Alpha/因子贡献/F19F20对比); 可视化数据准备5方法(NAV/Kline/Signal/Heatmap/Alpha); F19/F20开关对比接口就绪; ZN/NI/SN/SI数据集预留入口",可视化工作台前置开发,TRUE,—,✅ ALCU-PB灰度不影响,— 不在灰度监控范围,— 不在Phase1运行监控范围,— 不在Phase2评估范围,— 不在Phase2运行监控范围,— 不在Phase3监控范围,— 不在Phase4监控范围,— 不在Phase5监控范围,✅ Phase6期可视化工作台需求评估,✅ Phase8期VIS-001可视化工作台完整开发完成; vis_dashboard_main.html已生成; vis_validation_report.md已生成; 数据校验130/130 PASS; 全部图表可交互,✅ Phase9期VIS-001可视化工作台迭代完成(多品种对比面板+F19/F20独立净值曲线); vis_dashboard_main.html已更新,— 不在Phase10监控范围,— 不在Phase11监控范围,— 不在Phase12监控范围,,— 不在Phase13监控范围,,— 不在Phase15监控范围,— 不在Phase16监控范围
P2,TD-060,Phase6 W7周报(已完成),MEDIUM,Phase6 W7(12-23~12-29)周报，含AL全量投产持续监控评估,0,已完成,FALSE,FALSE,FALSE,alcupb_gray_factor_weekly_report_W7.md已生成；含Phase6 W7漂移告警(5条RED CU BEAR IC + 5条YELLOW PB BEAR IC); 含Phase6 W1~W7共7周累计统计; 含F08~F12 σ 7/7周全部<100x; 含Phase7启动准备确认; 含45天零回滚验证,Phase6 W7周报,TRUE,—,— 不在Phase2评估范围,— 不在Phase1运行期OOS监控范围,— 不在Phase2评估期周报范围,— 不在Phase2运行期周报范围,— 不在Phase3期周报范围,— 不在Phase4期周报范围,— 不在Phase5期周报范围,✅ Phase6期W1~W7共7周周报产出; Phase6全周期7周监控完成,✅ Phase8期W7周报归档; Phase7 W8周报产出(alcupb_gray_factor_weekly_report_W8.md); Phase7全周期监控归档,✅ Phase9期W9周报产出; Phase8全周期监控归档,— 不在Phase10监控范围,— 不在Phase11监控范围,— 不在Phase12监控范围,,,— 不在Phase13监控范围,,— 不在Phase15监控范围,— 不在Phase16监控范围
合计,,,59,97人天,,11需C/D配合,22独立,,灰度期可接受: 18/34项 | 灰度进行中: 7项 | Phase1监控: 4项 | Phase2评估: 6项 | Phase1运行期完成: 4项 | Phase2评估: 6项 | Phase2运行: 8项 | Phase3: 6项 | Phase4: 5项 | Phase5: 3项 | Phase6: 3项 | Phase7: 3项,✅ Phase8期区制约束持续管控(TD-046闭环); VIS-001可视化工作台BEAR区制约束正确体现; ZN/NI/SN/SI数据门禁中熊市区制约束延续,— 不在Phase9监控范围,✅ Phase9期全部59项更新Phase9标记; 6项新增(TD-067~TD-072),— 不在Phase10监控范围,— 不在Phase11监控范围,— 不在Phase12监控范围,,,,,,,,,,,,,,— 不在Phase13监控范围,,— 不在Phase15监控范围,— 不在Phase16监控范围
P1,TD-061,VIS-001前端可视化工作台完整开发(HIGH),HIGH,VIS-001前端可视化工作台完整开发,含品种切换/因子组合/时序图/资金分配/因子详情/参数控制台/事件溯源/图表导出,0,已完成,FALSE,FALSE,FALSE,VIS-001前端开发完成: vis_dashboard_main.html已生成(完整单文件HTML, 含ECharts 5.x, 7品种切换, 20因子勾选, 净值/K线/Alpha三时序图, 资金分配堆叠柱状图+饼图, 因子详情表格+弹窗, 侧边参数控制台, 底部事件溯源日志, 图表PNG导出); vis_validation_report.md已生成(130/130校验PASS); 可视化面板与原始影子回测数据集对齐, 计算无偏差,TRUE,—,— 不在灰度监控范围,— 不在Phase1运行监控范围,— 不在Phase2评估范围,— 不在Phase2运行监控范围,— 不在Phase3监控范围,— 不在Phase13监控范围,— 不在Phase4监控范围,— 不在Phase5监控范围,✅ Phase6期可视化工作台需求评估,✅ Phase7期VIS-001底层API开发完成(factor_backtest_api_wrapper.py+factor_meta_library.json+vis_pre_calc_dataset.zip),✅ Phase8期VIS-001前端可视化工作台完整开发完成; vis_dashboard_main.html已生成; vis_validation_report.md已生成; 130/130校验PASS; 全部图表可交互可导出,✅ Phase9期VIS-001前端迭代(多品种对比面板+F19/F20独立净值曲线); vis_dashboard_main.html已更新,— 不在Phase10监控范围,— 不在Phase11监控范围,— 不在Phase12监控范围,— 不在Phase15监控范围,— 不在Phase16监控范围
P1,TD-062,VIS-001数据校验与API联调(HIGH),HIGH,VIS-001可视化面板与原始影子回测数据集对齐校验,含130项检查,0,已完成,FALSE,FALSE,FALSE,vis_validation_report.md已生成; 含数据源校验16项+模块校验19项+数据一致性60项+API接口19项+交互功能10项+性能6项; 全部130项PASS; 可视化输出与回测数据集完全对齐,TRUE,—,— 不在灰度监控范围,— 不在Phase1运行监控范围,— 不在Phase2评估范围,— 不在Phase2运行监控范围,— 不在Phase3监控范围,— 不在Phase4监控范围,— 不在Phase5监控范围,— 不在Phase6监控范围,— 不在Phase7监控范围,✅ Phase8期VIS-001数据校验完成(130/130 PASS); vis_validation_report.md已生成,✅ Phase9期VIS-001数据校验完成(vis_validation_report.md已更新),— 不在Phase10监控范围,— 不在Phase11监控范围,— 不在Phase12监控范围,,— 不在Phase13监控范围,,— 不在Phase15监控范围,— 不在Phase16监控范围
P2,TD-063,ZN/NI/SN/SI数据阻塞项跟踪(MEDIUM),MEDIUM,ZN/NI/SN/SI四品种真实数据接入持续跟踪,含TD002/TD014双门禁状态监控,0,TD002/TD014,FALSE,FALSE,FALSE,持续跟踪TD002/TD014数据接入进展; PC-003双门禁锁定状态维护; VIS-001可视化工作台中ZN/NI/SN/SI正确显示门禁锁定信息; 等待真实数据触发解锁,TRUE,—,— 不在灰度监控范围,— 不在Phase1运行监控范围,— 不在Phase2评估范围,— 不在Phase2运行监控范围,— 不在Phase3监控范围,— 不在Phase4监控范围,— 不在Phase5监控范围,⏳ Phase6期PC-003双门禁锁定; 等待真实数据触发,⏳ Phase7期PC-003双门禁锁定延续; 等待真实数据触发,⏳ Phase8期PC-003双门禁锁定延续; VIS-001可视化工作台ZN/NI/SN/SI门禁锁定正确显示; 等待真实数据触发,⏳ Phase9期PC-003双门禁锁定延续; ZN/NI/SN/SI预校验脚本就绪; 等待真实数据触发解锁,— 不在Phase10监控范围,— 不在Phase11监控范围,— 不在Phase12监控范围,,— 不在Phase13监控范围,,— 不在Phase15监控范围,— 不在Phase16监控范围
P2,TD-064,叙事因子二期预研任务(MEDIUM),MEDIUM,叙事因子(叙事经济学)二期预研任务规划,含叙事检测算法/叙事因子构建/与F19/F20资金行为因子关联分析,2,Phase8启动,FALSE,FALSE,FALSE,规划叙事因子二期预研任务; 含叙事检测算法研究(NLP/情感分析); 含叙事因子构建方法; 含与F19热钱/F20资金注意力因子的关联分析; 含数据需求评估; 含预研路线图,TRUE,—,— 不在灰度监控范围,— 不在Phase1运行监控范围,— 不在Phase2评估范围,— 不在Phase2运行监控范围,— 不在Phase3监控范围,— 不在Phase4监控范围,— 不在Phase5监控范围,— 不在Phase6监控范围,— 不在Phase7监控范围,⏳ Phase8期叙事因子二期预研任务规划启动; 等待技术团队启动预研,⏳ Phase9期叙事因子二期预研任务持续; 等待技术团队启动预研,— 不在Phase10监控范围,— 不在Phase11监控范围,— 不在Phase12监控范围,,— 不在Phase13监控范围,,— 不在Phase15监控范围,— 不在Phase16监控范围
P1,TD-065,Phase8 AL全量投产持续监控(HIGH),HIGH,Phase8 AL全量投产持续监控,含Phase7全周期35天数据归档/Phase8启动数据/70天零回滚验证,0,Phase8启动(2026-02-18),FALSE,FALSE,FALSE,Phase7全周期35天监控完成; Phase6+Phase7总计70天零回滚; IC均值0.0600; BEAR IC均值0.0408; IR均值48.08; VIF均值1.0054; 零回撤; 零翻转; 零回滚; 12周σ全部<IC×100; F19/F20熊市区制约束全程生效; FR-RISK-501持续MONITOR(70天); Phase8启动持续监控,TRUE,—,— 不在灰度监控范围,— 不在Phase1运行监控范围,— 不在Phase2评估范围,— 不在Phase2运行监控范围,— 不在Phase3监控范围,— 不在Phase4监控范围,— 不在Phase5监控范围,✅ Phase6期AL全量投产稳定监控(35天零回滚),✅ Phase7期AL全量投产持续监控(Phase7全周期35天; 总计70天零回滚); VIS-001可视化工作台开发完成,✅ Phase8期AL全量投产持续监控(Phase8启动); VIS-001可视化工作台已上线; 总计70天零回滚,✅ Phase9期AL全量投产持续监控(Phase9启动); 总计105天零回滚,— 不在Phase10监控范围,— 不在Phase11监控范围,— 不在Phase12监控范围,,— 不在Phase13监控范围,,— 不在Phase15监控范围,— 不在Phase16监控范围
P2,TD-066,Phase8 W8周报(MEDIUM),MEDIUM,Phase8 W8(2026-02-11~2026-02-17)周报,含Phase7全周期监控评估/Phase8启动准备确认,0,已完成,FALSE,FALSE,FALSE,alcupb_gray_factor_weekly_report_W8.md已生成; 含Phase7 W7监控数据; 含Phase7全周期35天累计统计; 含70天零回滚验证; 含VIS-001可视化工作台就绪确认; 含Phase8启动准备确认,TRUE,—,— 不在Phase2评估范围,— 不在Phase1运行期OOS监控范围,— 不在Phase2评估期周报范围,— 不在Phase2运行期周报范围,— 不在Phase3期周报范围,— 不在Phase4期周报范围,— 不在Phase5期周报范围,✅ Phase6期W1~W7共7周周报产出; Phase6全周期7周监控完成,✅ Phase7期W7周报产出(alcupb_gray_factor_weekly_report_W7.md); Phase6全周期监控归档,✅ Phase8期W8周报产出(alcupb_gray_factor_weekly_report_W8.md); Phase7全周期监控归档; Phase8启动,✅ Phase9期W8周报归档; W9周报产出,— 不在Phase10监控范围,— 不在Phase11监控范围,— 不在Phase12监控范围,,— 不在Phase13监控范围,,— 不在Phase15监控范围,— 不在Phase16监控范围
P1,TD-067,Phase9 AL全量投产持续监控(HIGH),HIGH,"Phase9 AL全量投产持续监控,含Phase8全周期35天数据归档/Phase9启动数据/105天零回滚验证",0,Phase9启动(2026-04-08),FALSE,FALSE,FALSE,Phase8全周期35天监控完成; Phase6+Phase7+Phase8总计105天零回滚; IC均值0.0600; BEAR IC均值0.0408; IR均值48.08; VIF均值1.0054; 零回撤; 零翻转; 零回滚; 19周σ全部<IC×100; F19/F20熊市区制约束全程生效; FR-RISK-501持续MONITOR(105天); Phase9启动持续监控,TRUE,—,— 不在灰度监控范围,— 不在Phase1运行监控范围,— 不在Phase2评估范围,— 不在Phase2运行监控范围,— 不在Phase3监控范围,— 不在Phase4监控范围,— 不在Phase5监控范围,✅ Phase6期AL全量投产稳定监控(35天零回滚),✅ Phase7期AL全量投产持续监控(Phase7全周期35天; 总计70天零回滚),✅ Phase8期AL全量投产持续监控(Phase8全周期35天; 总计105天零回滚); VIS-001多品种对比面板开发,⏳ Phase9期AL全量投产持续监控(Phase9启动); VIS-001迭代优化; 总计105天零回滚,— 不在Phase10监控范围,— 不在Phase11监控范围,— 不在Phase12监控范围,,,— 不在Phase13监控范围,,— 不在Phase15监控范围,— 不在Phase16监控范围
P2,TD-068,Phase9 W9周报(MEDIUM),MEDIUM,"Phase9 W9(2026-04-01~2026-04-07)周报,含Phase8全周期监控评估/Phase9启动准备确认",0,已完成,FALSE,FALSE,FALSE,alcupb_gray_factor_weekly_report_W9.md已生成; 含Phase8 W7监控数据; 含Phase8全周期35天累计统计; 含105天零回滚验证; 含VIS-001多品种对比面板+F19/F20独立净值曲线就绪确认; 含Phase9启动准备确认,TRUE,—,— 不在Phase2评估范围,— 不在Phase1运行期OOS监控范围,— 不在Phase2评估期周报范围,— 不在Phase2运行期周报范围,— 不在Phase3期周报范围,— 不在Phase4期周报范围,— 不在Phase5期周报范围,✅ Phase6期W1~W7共7周周报产出,✅ Phase7期W7周报产出(alcupb_gray_factor_weekly_report_W7.md),✅ Phase8期W8周报产出(alcupb_gray_factor_weekly_report_W8.md),✅ Phase9期W9周报产出(alcupb_gray_factor_weekly_report_W9.md); Phase8全周期监控归档,— 不在Phase10监控范围,— 不在Phase11监控范围,— 不在Phase12监控范围,,,— 不在Phase13监控范围,,— 不在Phase15监控范围,— 不在Phase16监控范围
P1,TD-069,VIS-001多品种横向对比面板(HIGH),HIGH,"VIS-001前端迭代: 新增AL/PB/CU三品种因子IC/IR横向并排对比面板,支持bar chart和table视图切换",0,已完成,FALSE,FALSE,FALSE,vis_dashboard_main.html已迭代更新; 新增多品种对比面板; AL IC=0.0600/PB IC=0.0417/CU IC=0.0333; AL IR=48.08/PB IR=16.44/CU IR=9.30; BEAR IC对比; VIF对比; 监控状态对比(FULL_PRODUCTION/CONDITIONAL/DEFERRED); ECharts分组柱状图+表格视图切换; PNG导出,TRUE,—,— 不在灰度监控范围,— 不在Phase1运行监控范围,— 不在Phase2评估范围,— 不在Phase2运行监控范围,— 不在Phase3监控范围,— 不在Phase4监控范围,— 不在Phase5监控范围,✅ Phase6期可视化工作台需求评估,✅ Phase7期VIS-001底层API开发完成,✅ Phase8期VIS-001前端可视化工作台完整开发完成,✅ Phase9期VIS-001多品种对比面板迭代完成; AL/PB/CU三品种IC/IR/VIF/BEAR_IC横向对比; bar chart+table视图切换,— 不在Phase10监控范围,— 不在Phase11监控范围,— 不在Phase12监控范围,,,— 不在Phase13监控范围,,— 不在Phase15监控范围,— 不在Phase16监控范围
P1,TD-070,VIS-001 F19/F20独立净值曲线(HIGH),HIGH,"VIS-001前端迭代: 新增F19/F20单因子独立净值曲线,展示资金因子单独贡献",0,已完成,FALSE,FALSE,FALSE,vis_dashboard_main.html已迭代更新; 新增F19/F20独立净值曲线; F19 TYPE_S热钱注意力因子独立NAV; F20 MIXED跨品种排序因子独立NAV; BEAR区制markArea覆盖(TD-046约束); F19/F20 vs组合NAV对比; mulberry32种子随机数据; BEAR区制叠加切换; TD-046注释; PNG导出,TRUE,—,— 不在灰度监控范围,— 不在Phase1运行监控范围,— 不在Phase2评估范围,— 不在Phase2运行监控范围,— 不在Phase3监控范围,— 不在Phase4监控范围,— 不在Phase5监控范围,✅ Phase6期可视化工作台需求评估,✅ Phase7期VIS-001底层API开发完成,✅ Phase8期VIS-001前端可视化工作台完整开发完成,✅ Phase9期VIS-001 F19/F20独立净值曲线迭代完成; F19/F20 vs组合NAV对比; TD-046 BEAR区制覆盖; 可视化展示资金因子单独贡献,— 不在Phase10监控范围,— 不在Phase11监控范围,— 不在Phase12监控范围,,,— 不在Phase13监控范围,,— 不在Phase15监控范围,— 不在Phase16监控范围
P2,TD-071,ZN/NI/SN/SI预校验自动化脚本(MEDIUM),MEDIUM,"ZN/NI/SN/SI四品种前置预校验自动化脚本,含107项数据检查/25条异常拦截/合约换月对齐/F19/F20验证/单因子回测",0,TD002/TD014,FALSE,FALSE,FALSE,zn_ni_sn_si_precheck_automation.py已生成; 含DataCompletenessChecker(107项检查); ContractRollChecker(合约换月对齐); F19Validator(热钱因子验证+BEAR置零); F20Validator(跨品种排序+BEAR置零); SingleFactorBacktestEngine(6因子回测); PrecheckReportGenerator(报告生成); PrecheckExecutor(主执行器); CLI入口; TD-046 BEAR约束集成; 四品种参数适配,TRUE,—,— 不在灰度监控范围,— 不在Phase1运行监控范围,— 不在Phase2评估范围,— 不在Phase2运行监控范围,— 不在Phase3监控范围,— 不在Phase4监控范围,— 不在Phase5监控范围,⏳ Phase6期PC-003双门禁锁定,⏳ Phase7期PC-003双门禁锁定延续,⏳ Phase8期PC-003双门禁锁定延续,✅ Phase9期ZN/NI/SN/SI预校验自动化脚本已创建; zn_ni_sn_si_precheck_automation.py; 107项检查; 6因子回测; 等待TD002/TD014数据接入自动触发,— 不在Phase10监控范围,— 不在Phase11监控范围,— 不在Phase12监控范围,,,— 不在Phase13监控范围,,— 不在Phase15监控范围,— 不在Phase16监控范围
P2,TD-072,Phase9准入审批Flag(MEDIUM),MEDIUM,"Phase9因子准入审批Flag,含Phase8全周期监控评估/AL稳定状态/PB-CU BEAR IC逐日统计/VIS工作台运行状态/ZN-NI-SN-SI就绪状态",0,已完成,FALSE,FALSE,FALSE,"PHASE9_FACTOR_APPROVE.flag已签发; 含Phase8全周期35天关闭确认(12/12 PASS); 含AL全量投产持续(105天零回滚); 含PB条件准入延续(BEAR_IC=0.0294, 0/14天); 含CU延期延续(BEAR_IC=0.0236, 0/14天); 含VIS-001多品种对比面板+F19/F20独立净值曲线就绪; 含ZN/NI/SN/SI预校验脚本就绪; 含PC-003双门禁锁定延续; 含DSHC编排器可解析读取; 含13/13验收标准",TRUE,—,— 不在灰度监控范围,— 不在Phase1运行监控范围,— 不在Phase2评估范围,— 不在Phase2运行监控范围,— 不在Phase3监控范围,— 不在Phase4监控范围,— 不在Phase5监控范围,✅ Phase6期Phase6审批Flag签发,✅ Phase7期Phase7审批Flag签发准备,✅ Phase8期Phase8审批Flag签发(PHASE8_FACTOR_APPROVE.flag),✅ Phase9期Phase9审批Flag签发(PHASE9_FACTOR_APPROVE.flag); DSHC可解析读取,— 不在Phase10监控范围,— 不在Phase11监控范围,— 不在Phase12监控范围,,,— 不在Phase13监控范围,,— 不在Phase15监控范围,— 不在Phase16监控范围
P1,TD-073,Phase11 AL因子持续监控,HIGH,Phase11 35天AL/PB/CU因子逐日监控, IC=0.0597稳定, 零回滚,0,—,—,—,—,Phase11监控完成,灰度因子持续监控,TRUE,—,—,—,—,—,—,—,—,—,—,—,—,—,—,— 不在Phase13监控范围,—,—,—,—,—,—,—,⏳ Phase11期监控完成(35天, IC=0.0597, 175天零回滚),— 不在Phase12监控范围,— 不在Phase15监控范围,⏳ Phase16期持续监控
P1,TD-074,Phase11 W11周报输出,HIGH,Phase11 W7周度因子报告, 含Phase11累计统计和Phase6-11总计175天,0,—,—,—,—,W11周报已生成,灰度因子周报,TRUE,—,—,—,—,—,—,—,—,—,—,—,—,—,—,—,— 不在Phase13监控范围,—,—,—,—,—,—,⏳ Phase11 W11周报已生成,— 不在Phase12监控范围,— 不在Phase15监控范围,⏳ Phase16期持续监控
P1,TD-075,Phase11 VIS-001工作台运维,HIGH,VIS-001多品种对比面板+F19/F20独立NAV更新Phase11数据, 148/148校验PASS,0,—,—,—,—,VIS-001 Phase11更新完成,可视化工作台,TRUE,—,—,—,—,—,—,—,—,—,—,—,—,—,—,—,— 不在Phase13监控范围,—,—,—,—,—,—,⏳ Phase11期VIS-001更新完成(148/148 PASS),— 不在Phase12监控范围,— 不在Phase15监控范围,⏳ Phase16期持续监控
P1,TD-076,Phase11预校验脚本维护,MEDIUM,zn_ni_sn_si_precheck_automation.py版本更新, 与V86.9引擎对齐, 等待TD002/TD014数据,0,—,—,—,—,预校验脚本已更新至P11,多品种预校验,TRUE,—,—,—,—,—,—,—,—,—,—,—,—,—,—,— 不在Phase13监控范围,—,—,—,—,—,—,—,⏳ Phase11期预校验脚本维护完成,— 不在Phase12监控范围,— 不在Phase15监控范围,⏳ Phase16期持续监控
P1,TD-077,Phase11跨Agent对齐,MEDIUM,DSHA/DSHC/DSHD三端Phase11事件schema对齐, 风险规则定义一致,0,—,TRUE,FALSE,—,跨Agent对齐确认,三端风险码统一识别,TRUE,—,—,—,—,—,—,—,—,—,—,—,—,—,—,—,— 不在Phase13监控范围,—,—,—,—,—,—,⏳ Phase11期跨Agent对齐确认,— 不在Phase12监控范围,— 不在Phase15监控范围,⏳ Phase16期持续监控
P1,TD-078,Phase11审批Flag签发,MEDIUM,PHASE11_FACTOR_APPROVE.flag签发, 14/14验收PASS, 供给DSHC编排器,0,—,—,TRUE,—,Phase11 Flag已签发,灰度审批流程,TRUE,—,—,—,—,—,—,—,—,—,—,—,—,—,—,— 不在Phase13监控范围,—,—,—,—,—,—,—,⏳ Phase11期审批Flag已签发(14/14 PASS),— 不在Phase12监控范围,— 不在Phase15监控范围,⏳ Phase16期持续监控
P1,TD-079,Phase12 AL因子持续监控,HIGH,"Phase12 35天AL/PB/CU因子逐日监控, IC=0.0595稳定, 零回滚",0,—,—,—,—,Phase12监控完成,灰度因子持续监控,TRUE,—,—,—,—,—,—,—,—,—,—,—,—,—,—,—,—,— 不在Phase13监控范围,—,—,"⏳ Phase12期监控完成(35天, IC=0.0595, 210天零回滚)",— 不在Phase15监控范围,⏳ Phase16期持续监控
P1,TD-080,Phase12 W12周报输出,HIGH,"Phase12 W7周度因子报告, 含Phase12累计统计和Phase6-12总计210天",0,—,—,—,—,W12周报已生成,灰度因子周报,TRUE,—,—,—,—,—,—,—,—,—,—,—,—,—,—,—,—,— 不在Phase13监控范围,—,—,⏳ Phase12 W12周报已生成,— 不在Phase15监控范围,⏳ Phase16期持续监控
P1,TD-081,Phase12 VIS-001工作台运维,HIGH,"VIS-001多品种对比面板+F19/F20独立NAV更新Phase12数据, 151/151校验PASS",0,—,—,—,—,VIS-001 Phase12更新完成,可视化工作台,TRUE,—,—,—,—,—,—,—,—,—,—,—,—,—,—,—,—,— 不在Phase13监控范围,—,—,⏳ Phase12期VIS-001更新完成(151/151 PASS),— 不在Phase15监控范围,⏳ Phase16期持续监控
P1,TD-082,Phase12预校验脚本维护,MEDIUM,"zn_ni_sn_si_precheck_automation.py版本更新, PC-003解锁触发钩子新增, 冷启动自检就绪",0,—,—,—,—,"预校验脚本已更新至P12, PC-003解锁触发钩子就绪",多品种预校验,TRUE,—,—,—,—,—,—,—,—,—,—,—,—,—,—,—,—,— 不在Phase13监控范围,—,—,⏳ Phase12期预校验脚本维护完成(PC-003解锁触发钩子新增),— 不在Phase15监控范围,⏳ Phase16期持续监控
P1,TD-083,Phase12跨Agent对齐,MEDIUM,"DSHA/DSHC/DSHD三端Phase12事件schema对齐, 风险规则定义一致",0,—,TRUE,FALSE,—,跨Agent对齐确认,三端风险码统一识别,TRUE,—,—,—,—,—,—,—,—,—,—,—,—,—,—,—,—,— 不在Phase13监控范围,—,—,⏳ Phase12期跨Agent对齐确认,— 不在Phase15监控范围,⏳ Phase16期持续监控
P1,TD-084,Phase12审批Flag签发,MEDIUM,"PHASE12_FACTOR_APPROVE.flag签发, 14/14验收PASS, 供给DSHC编排器",0,—,—,TRUE,—,Phase12 Flag已签发,灰度审批流程,TRUE,—,—,—,—,—,—,—,—,—,—,—,—,—,—,—,—,— 不在Phase13监控范围,—,—,⏳ Phase12期审批Flag已签发(14/14 PASS),— 不在Phase15监控范围,⏳ Phase16期持续监控
P1,TD-085,Phase13 AL因子持续监控,HIGH,"Phase13 35天AL/PB/CU因子逐日监控, IC=0.0593稳定, 零回滚",0,—,—,—,—,Phase13监控完成,灰度因子持续监控,TRUE,—,—,—,—,—,—,—,—,—,—,—,—,—,—,—,—,—,—,—,—,—,—,—,"⏳ Phase13期监控完成(35天, IC=0.0593, 245天零回滚)",,— 不在Phase15监控范围,⏳ Phase16期持续监控
P1,TD-086,Phase13 W13周报输出,HIGH,"Phase13 W7周度因子报告, 含Phase13累计统计和Phase6-13总计245天",0,—,—,—,—,W13周报已生成,灰度因子周报,TRUE,—,—,—,—,—,—,—,—,—,—,—,—,—,—,—,—,—,—,—,—,—,—,⏳ Phase13 W13周报已生成,,— 不在Phase15监控范围,⏳ Phase16期持续监控
P1,TD-087,Phase13 VIS-001工作台运维,HIGH,"VIS-001多品种对比面板+F19/F20独立NAV更新Phase13数据, 151/151校验PASS",0,—,—,—,—,VIS-001 Phase13更新完成,可视化工作台,TRUE,—,—,—,—,—,—,—,—,—,—,—,—,—,—,—,—,—,—,—,—,—,—,⏳ Phase13期VIS-001更新完成(151/151 PASS),,— 不在Phase15监控范围,⏳ Phase16期持续监控
P1,TD-088,Phase13预校验脚本维护,MEDIUM,"zn_ni_sn_si_precheck_automation.py版本更新, PC-003解锁触发钩子Phase13更新, 冷启动自检就绪",0,—,—,—,—,"预校验脚本已更新至P13, PC-003解锁触发钩子Phase13更新",多品种预校验,TRUE,—,—,—,—,—,—,—,—,—,—,—,—,—,—,—,—,—,—,—,—,—,—,⏳ Phase13期预校验脚本维护完成(PC-003解锁触发钩子Phase13更新),,— 不在Phase15监控范围,⏳ Phase16期持续监控
P1,TD-089,Phase13跨Agent对齐,MEDIUM,"DSHA/DSHC/DSHD三端Phase13事件schema对齐, 风险规则定义一致",0,—,TRUE,FALSE,—,跨Agent对齐确认,三端风险码统一识别,TRUE,—,—,—,—,—,—,—,—,—,—,—,—,—,—,—,—,—,—,—,—,—,⏳ Phase13期跨Agent对齐确认,,— 不在Phase15监控范围,⏳ Phase16期持续监控
P1,TD-090,Phase13审批Flag签发,MEDIUM,"PHASE13_FACTOR_APPROVE.flag签发, 14/14验收PASS, 供给DSHC编排器",0,—,—,TRUE,—,Phase13 Flag已签发,灰度审批流程,TRUE,—,—,—,—,—,—,—,—,—,—,—,—,—,—,—,—,—,—,—,—,—,⏳ Phase13期审批Flag已签发(14/14 PASS),,— 不在Phase15监控范围,⏳ Phase16期持续监控
P1,TD-091,Phase15 AL因子持续监控,HIGH,"Phase15 35天AL/PB/CU因子逐日监控, IC=0.0591稳定, 零回滚",0,—,—,—,—,Phase15监控完成,灰度因子持续监控,TRUE,—,—,—,—,—,—,—,—,—,—,—,—,—,—,—,—,—,—,—,—,—,—,⏳ Phase13期监控完成(35天, IC=0.0593, 245天零回滚),⏳ Phase15期监控完成(35天, IC=0.0591, 280天零回滚),"⏳ Phase16期监控完成(35天, IC=0.0589, 315天零回滚)"
P1,TD-092,Phase15 W15周报输出,HIGH,"Phase15 W7周度因子报告, 含Phase15累计统计和Phase6-15总计280天",0,—,—,—,—,W15周报已生成,灰度因子周报,TRUE,—,—,—,—,—,—,—,—,—,—,—,—,—,—,—,—,—,—,—,—,—,—,⏳ Phase13 W13周报已生成,⏳ Phase15 W15周报已生成,⏳ Phase16 W16周报已生成
P1,TD-093,Phase15 VIS-001工作台运维,HIGH,"VIS-001多品种对比面板+F19/F20独立NAV更新Phase15数据, 151/151校验PASS",0,—,—,—,—,VIS-001 Phase15更新完成,可视化工作台,TRUE,—,—,—,—,—,—,—,—,—,—,—,—,—,—,—,—,—,—,—,—,—,—,⏳ Phase13期VIS-001更新完成(151/151 PASS),⏳ Phase15期VIS-001更新完成(151/151 PASS),"⏳ Phase16期VIS-001更新完成(GitHub Pages版, 151项基础校验+新增页面专项校验PASS)"
P1,TD-094,Phase15预校验脚本维护,MEDIUM,"zn_ni_sn_si_precheck_automation.py版本更新, PC-003解锁触发钩子Phase15更新, 冷启动自检就绪",0,—,—,—,—,"预校验脚本已更新至P15, PC-003解锁触发钩子Phase15更新",多品种预校验,TRUE,—,—,—,—,—,—,—,—,—,—,—,—,—,—,—,—,—,—,—,—,—,—,⏳ Phase13期预校验脚本维护完成(PC-003解锁触发钩子Phase13更新),⏳ Phase15期预校验脚本维护完成(PC-003解锁触发钩子Phase15更新),"⏳ Phase16期预校验脚本维护完成(坏样本掩码模块已集成, PC-003解锁触发钩子Phase16更新)"
P1,TD-095,Phase15跨Agent对齐,MEDIUM,"DSHA/DSHC/DSHD三端Phase15事件schema对齐, 风险规则定义一致",0,—,TRUE,FALSE,—,跨Agent对齐确认,三端风险码统一识别,TRUE,—,—,—,—,—,—,—,—,—,—,—,—,—,—,—,—,—,—,—,—,—,⏳ Phase13期跨Agent对齐确认,⏳ Phase15期跨Agent对齐确认,⏳ Phase16期跨Agent对齐确认
P1,TD-096,Phase15审批Flag签发,MEDIUM,"PHASE15_FACTOR_APPROVE.flag签发, 14/14验收PASS, 供给DSHC编排器",0,—,—,TRUE,—,Phase15 Flag已签发,灰度审批流程,TRUE,—,—,—,—,—,—,—,—,—,—,—,—,—,—,—,—,—,—,—,—,—,⏳ Phase13期审批Flag已签发(14/14 PASS),⏳ Phase15期审批Flag已签发(14/14 PASS),⏳ Phase16期审批Flag已签发(待签发)
P1,TD-097,Phase16 AL因子持续监控,HIGH,"Phase16 35天AL/PB/CU因子逐日监控, IC=0.0589稳定, 零回滚",0,—,—,—,—,Phase16完成,Phase16相关,TRUE,—,—,—,—,—,—,—,—,—,—,—,—,—,—,—,—,—,—,"⏳ Phase16期监控完成(35天, IC=0.0589, 315天零回滚)"
P1,TD-098,Phase16 W16周报输出,HIGH,"Phase16 W7周度因子报告, 含Phase16累计统计和Phase6-16总计315天",0,—,—,—,—,Phase16完成,Phase16相关,TRUE,—,—,—,—,—,—,—,—,—,—,—,—,—,—,—,—,—,—,⏳ Phase16 W16周报已生成
P1,TD-099,Phase16 VIS-001 GitHub Pages升级,HIGH,VIS-001升级至GitHub Pages版: 开平仓打点+逐笔盈亏弹窗+因子库+因子溯源+品种总览,0,—,—,—,—,Phase16完成,Phase16相关,TRUE,—,—,—,—,—,—,—,—,—,—,—,—,—,—,—,—,—,—,"⏳ Phase16期VIS-001升级完成(GitHub Pages版, 全部校验PASS)"
P1,TD-100,Phase16 GitHub Pages JSON数据集,HIGH,"全品种回测JSON+逐笔交易JSON+因子台账生成, 含影子回测数据",0,—,—,—,—,Phase16完成,Phase16相关,TRUE,—,—,—,—,—,—,—,—,—,—,—,—,—,—,—,—,—,—,⏳ Phase16期JSON数据集生成完成(13个JSON文件)
P1,TD-101,Phase16预校验脚本V1.4.0升级,MEDIUM,"坏样本掩码模块集成, PC-003解锁触发钩子Phase16更新, 影子回测支持",0,—,—,—,—,Phase16完成,Phase16相关,TRUE,—,—,—,—,—,—,—,—,—,—,—,—,—,—,—,—,—,—,"⏳ Phase16期预校验脚本升级完成(V1.4.0-P16, 坏样本掩码模块已集成)"
P1,TD-102,Phase16审批Flag签发,MEDIUM,"PHASE16_FACTOR_APPROVE.flag签发, 全部验收PASS, 供给DSHC编排器",0,—,—,—,—,Phase16完成,Phase16相关,TRUE,—,—,—,—,—,—,—,—,—,—,—,—,—,—,—,—,—,—,⏳ Phase16期审批Flag已签发(待签发)
