fwd_id,fwd_ts,code,symbol,zone,raw_severity,d_severity,color,sla_h,escalation,action,detail,fixed_slot,seed,record_md5
FWD-501-001,2026-10-10T06:15:01+08:00,FR-RISK-501,CU,BEAR,ORANGE_HINT,HIGH,ORANGE,1,none,,CU bear_ratio=0.75 > 0.60 (net-short concentration); snapshot cu_bear_snapshot.csv; pos_log cu_bear_position_log.csv | mapped TICKET-MANDATED (工单验收: FR-RISK-501 -> ORANGE) -> HIGH ORANGE (rule: 同码连续 2 次 -> RED STOP_LINE),2026-10-10T06:15:00+08:00,42,0712567035d4fa23dcadfd1020f20571
FWD-501-002,2026-10-10T06:17:30+08:00,FR-RISK-501,CU,BEAR,ORANGE_HINT,CRITICAL,RED,1,STOP_LINE (escalation),STOP_LINE (escalation),second 501 within SLA window (bear_ratio=0.75); escalation chain ORANGE x2 -> RED | mapped TICKET-MANDATED (工单验收: FR-RISK-501 -> ORANGE) -> CRITICAL RED (rule: 同码连续 2 次 -> RED STOP_LINE),2026-10-10T06:15:00+08:00,42,f7e12676307761e45f6fe129179c34c6
FWD-502-001,2026-10-10T06:20:00+08:00,FR-RISK-502,AL,ALL,CRITICAL_HINT,CRITICAL,RED,0,STOP_LINE,STOP_LINE,pos_positive=0 real hard gate; STOP_LINE | mapped DESIGN-EXTENDED (position_verify_alcupb_module CHECK-3 real) -> CRITICAL RED (rule: 立即 STOP_LINE),2026-10-10T06:15:00+08:00,42,6a074a7c2e363fe5f93556457e61695e
FWD-503-001,2026-10-10T06:20:05+08:00,FR-RISK-503,PB,ALL,CRITICAL_HINT,CRITICAL,RED,0,STOP_LINE,STOP_LINE,F39/F40=3/5 vs SEALED 5/5 (K11 deviation); STOP_LINE | mapped DESIGN-EXTENDED (R04 冻结 0 误差) -> CRITICAL RED (rule: 立即 STOP_LINE),2026-10-10T06:15:00+08:00,42,2e5732f320ca9ebc295694068dbab2dc
FWD-504-001,2026-10-10T06:20:10+08:00,FR-RISK-504,CU,ALL,HIGH_HINT,HIGH,ORANGE,1,none,,K12 event F43=-1 abnormal vs A-tier | mapped DESIGN-EXTENDED (R02 冻结) -> HIGH ORANGE (rule: 同码连续 2 次 -> RED),2026-10-10T06:15:00+08:00,42,a9e36ee3ce2a57ccc0a66489cacfc27c
FWD-505-001,2026-10-10T06:20:15+08:00,FR-RISK-505,ALL,ALL,MEDIUM_HINT,MEDIUM,YELLOW,4,none,,25vs27 note drift (severity-summary vs code-detail rows) | mapped DESIGN-EXTENDED (J22 双源对账) -> MEDIUM YELLOW (rule: 同码连续 3 次 -> ORANGE),2026-10-10T06:15:00+08:00,42,822605953b74b723342484050019fc1b
FWD-506-001,2026-10-10T06:20:20+08:00,FR-RISK-506,ALL,ALL,MEDIUM_HINT,MEDIUM,YELLOW,4,none,,volume rotation archive failure (ME-04) | mapped DESIGN-EXTENDED (卷式轮转规则) -> MEDIUM YELLOW (rule: 同码连续 3 次 -> ORANGE),2026-10-10T06:15:00+08:00,42,61bb008cc43fb77650bfd571a0aa5550
FWD-507-001,2026-10-10T06:20:25+08:00,FR-RISK-507,ZN,ALL,HIGH_HINT,HIGH,ORANGE,1,none,,frozen RO integrity anomaly (readonly-only scope) | mapped DESIGN-EXTENDED (冻结品种仅只读完整性) -> HIGH ORANGE (rule: 同码连续 2 次 -> RED),2026-10-10T06:15:00+08:00,42,d59a2de61d38788aa792518a55594482
FWD-508-001,2026-10-10T06:20:30+08:00,FR-RISK-508,ALL,ALL,CRITICAL_HINT,CRITICAL,RED,2,none,,CHAIN-001 4/4 -> 3/4 partial mismatch | mapped DESIGN-EXTENDED (审计链维护纪律) -> CRITICAL RED (rule: 缺失+探针泄漏同发 -> CRITICAL (沿升级表)),2026-10-10T06:15:00+08:00,42,27ff16325ddbcea34167d887716e18fc
E2E-501-003,2026-10-10T08:45:01+08:00,FR-RISK-501,CU,BEAR,ORANGE_HINT,HIGH,ORANGE,1,none,,501 chain 1/3 after reset -> ORANGE expected | mapped TICKET-MANDATED (工单验收: FR-RISK-501 -> ORANGE) -> HIGH ORANGE (rule: 同码连续 2 次 -> RED STOP_LINE),2026-10-10T06:15:00+08:00,42,3d3cbe78c8ac68f67950f0e2b9b735b0
E2E-501-004,2026-10-10T08:45:02+08:00,FR-RISK-501,CU,BEAR,ORANGE_HINT,CRITICAL,RED,1,STOP_LINE (escalation),STOP_LINE (escalation),501 chain 2/3 consecutive -> RED expected (escalate_after=2) | mapped TICKET-MANDATED (工单验收: FR-RISK-501 -> ORANGE) -> CRITICAL RED (rule: 同码连续 2 次 -> RED STOP_LINE),2026-10-10T06:15:00+08:00,42,a1cef520071838b0a547872849dc512e
E2E-501-005,2026-10-10T08:45:03+08:00,FR-RISK-501,CU,BEAR,ORANGE_HINT,HIGH,ORANGE,1,none,,501 chain 3/3 after reset -> ORANGE expected (counter reset verified) | mapped TICKET-MANDATED (工单验收: FR-RISK-501 -> ORANGE) -> HIGH ORANGE (rule: 同码连续 2 次 -> RED STOP_LINE),2026-10-10T06:15:00+08:00,42,cca883fe925bbc6d49e72dd4ebe36a47
E2E-504-002,2026-10-10T08:45:04+08:00,FR-RISK-504,CU,ALL,HIGH_HINT,HIGH,ORANGE,1,none,,504 chain 1/2 -> ORANGE expected | mapped DESIGN-EXTENDED (R02 冻结) -> HIGH ORANGE (rule: 同码连续 2 次 -> RED),2026-10-10T06:15:00+08:00,42,fd79895de45df3403dc3a68b4bff996d
E2E-504-003,2026-10-10T08:45:05+08:00,FR-RISK-504,CU,ALL,HIGH_HINT,CRITICAL,RED,1,STOP_LINE (escalation),STOP_LINE (escalation),504 chain 2/2 consecutive -> RED expected (escalate_after=2) | mapped DESIGN-EXTENDED (R02 冻结) -> CRITICAL RED (rule: 同码连续 2 次 -> RED),2026-10-10T06:15:00+08:00,42,ba86a033474e1093b4da84c10ed6637b
E2E-505-002,2026-10-10T08:45:06+08:00,FR-RISK-505,ALL,ALL,MEDIUM_HINT,MEDIUM,YELLOW,4,none,,505 chain 1/3 -> YELLOW expected | mapped DESIGN-EXTENDED (J22 双源对账) -> MEDIUM YELLOW (rule: 同码连续 3 次 -> ORANGE),2026-10-10T06:15:00+08:00,42,5ea31be070ff7c4c91e865fc291f20f0
E2E-505-003,2026-10-10T08:45:07+08:00,FR-RISK-505,ALL,ALL,MEDIUM_HINT,MEDIUM,YELLOW,4,none,,505 chain 2/3 -> YELLOW stays | mapped DESIGN-EXTENDED (J22 双源对账) -> MEDIUM YELLOW (rule: 同码连续 3 次 -> ORANGE),2026-10-10T06:15:00+08:00,42,7d3417beba769ad05236620c155fb14b
E2E-505-004,2026-10-10T08:45:08+08:00,FR-RISK-505,ALL,ALL,MEDIUM_HINT,HIGH,ORANGE,4,ESCALATE (x3),ESCALATE (x3),505 chain 3/3 consecutive -> ORANGE expected (escalate_after=3) | mapped DESIGN-EXTENDED (J22 双源对账) -> HIGH ORANGE (rule: 同码连续 3 次 -> ORANGE),2026-10-10T06:15:00+08:00,42,4d514dfdccf122ab4143d9f6fc60de19
E2E-502-002,2026-10-10T08:45:09+08:00,FR-RISK-502,AL,ALL,CRITICAL_HINT,CRITICAL,RED,0,STOP_LINE,STOP_LINE,502 immediate STOP_LINE (single-shot) | mapped DESIGN-EXTENDED (position_verify_alcupb_module CHECK-3 real) -> CRITICAL RED (rule: 立即 STOP_LINE),2026-10-10T06:15:00+08:00,42,01c4004e4d76f77d791d03809f3d209e
E2E-503-002,2026-10-10T08:45:10+08:00,FR-RISK-503,PB,ALL,CRITICAL_HINT,CRITICAL,RED,0,STOP_LINE,STOP_LINE,503 immediate STOP_LINE (single-shot) | mapped DESIGN-EXTENDED (R04 冻结 0 误差) -> CRITICAL RED (rule: 立即 STOP_LINE),2026-10-10T06:15:00+08:00,42,8e14be07cee10107fbd252b41dec0221
E2E-506-002,2026-10-10T08:45:11+08:00,FR-RISK-506,ALL,ALL,MEDIUM_HINT,MEDIUM,YELLOW,4,none,,506 YELLOW single | mapped DESIGN-EXTENDED (卷式轮转规则) -> MEDIUM YELLOW (rule: 同码连续 3 次 -> ORANGE),2026-10-10T06:15:00+08:00,42,ee2bdfeb17ffce63edaec783421d8661
E2E-507-002,2026-10-10T08:45:12+08:00,FR-RISK-507,ZN,ALL,HIGH_HINT,HIGH,ORANGE,1,none,,507 ORANGE single (readonly family) | mapped DESIGN-EXTENDED (冻结品种仅只读完整性) -> HIGH ORANGE (rule: 同码连续 2 次 -> RED),2026-10-10T06:15:00+08:00,42,f48784a763d77101d7f90de1ec3a3aa7
E2E-508-002,2026-10-10T08:45:13+08:00,FR-RISK-508,ALL,ALL,CRITICAL_HINT,CRITICAL,RED,2,none,,508 RED single | mapped DESIGN-EXTENDED (审计链维护纪律) -> CRITICAL RED (rule: 缺失+探针泄漏同发 -> CRITICAL (沿升级表)),2026-10-10T06:15:00+08:00,42,679a9259556a017157a75d434aeb58d6
P2-501-001,2026-10-10T11:45:01+08:00,FR-RISK-501,CU,BEAR,ORANGE_HINT,HIGH,ORANGE,1,none,,persist demo call A: single 501 -> counter 1 -> ORANGE expected | mapped TICKET-MANDATED (工单验收: FR-RISK-501 -> ORANGE) -> HIGH ORANGE (rule: 同码连续 2 次 -> RED STOP_LINE),2026-10-10T06:15:00+08:00,42,d716e70edffc25f5c61dfb099c4ef988
P2-501-002,2026-10-10T11:45:31+08:00,FR-RISK-501,CU,BEAR,ORANGE_HINT,CRITICAL,RED,1,STOP_LINE (escalation),STOP_LINE (escalation),persist demo call B: single 501 -> counter carries 1 -> 2 -> RED escalation expected (cross-call fix) | mapped TICKET-MANDATED (工单验收: FR-RISK-501 -> ORANGE) -> CRITICAL RED (rule: 同码连续 2 次 -> RED STOP_LINE),2026-10-10T06:15:00+08:00,42,24da67aec0438cf41ce5ec3c5776f5b4
P4-501-001,2026-10-12T14:45:01+08:00,FR-RISK-501,CU,BEAR,ORANGE_HINT,HIGH,ORANGE,1,none,,phase4 call A: single 501 -> counter 1 -> ORANGE expected (persist demo) | mapped TICKET-MANDATED (工单验收: FR-RISK-501 -> ORANGE) -> HIGH ORANGE (rule: 同码连续 2 次 -> RED STOP_LINE),2026-10-12T14:45:00+08:00,42,fc1ad096709b8ed3eb5499e34ea7ebf4
P4-501-002,2026-10-12T14:45:31+08:00,FR-RISK-501,CU,BEAR,ORANGE_HINT,CRITICAL,RED,1,STOP_LINE (escalation),STOP_LINE (escalation),phase4 call B: single 501 -> counter carries 1 -> 2 -> RED escalation expected (cross-call fix) | mapped TICKET-MANDATED (工单验收: FR-RISK-501 -> ORANGE) -> CRITICAL RED (rule: 同码连续 2 次 -> RED STOP_LINE),2026-10-12T14:46:00+08:00,42,4cac021c911ae0835aa1e7f7c69eddc9
P4-504-001,2026-10-12T14:46:00+08:00,FR-RISK-504,PB,ALL,ORANGE_HINT,HIGH,ORANGE,1,none,,phase4 call B2: 504 first hit -> counter 1 -> ORANGE expected | mapped DESIGN-EXTENDED (R02 冻结) -> HIGH ORANGE (rule: 同码连续 2 次 -> RED),2026-10-12T14:46:00+08:00,42,863c859409db227de19de428b117801e
