ts,log_class,round_no,item,status,detail,fixed_slot,seed,record_md5
2026-10-10T06:00:00+08:00,PATROL,L1-0001,BASELINE_TAMPER:CHAIN-001-REPAIRED-1,PASS,4/4 match,2026-10-10T06:00:00+08:00,42,707568bc905f8b7a25a92fcf317aa11f
2026-10-10T06:00:00+08:00,PATROL,L1-0001,BASELINE_TAMPER:CHAIN-001:acd_v867df_full_run_result.csv,PASS,expected=bbf887d0 actual=bbf887d0,2026-10-10T06:00:00+08:00,42,5b2b97168fee7fe61302b7a10e045e41
2026-10-10T06:00:00+08:00,PATROL,L1-0001,BASELINE_TAMPER:CHAIN-001:acd_v867df_24exec_diff_verify.csv,PASS,expected=3156d823 actual=3156d823,2026-10-10T06:00:00+08:00,42,1e233bf63e3828d7fde6fd78a97e35e4
2026-10-10T06:00:00+08:00,PATROL,L1-0001,BASELINE_TAMPER:CHAIN-001:acd_v867df_delivery_manifest.md5,PASS,expected=1df98028 actual=1df98028,2026-10-10T06:00:00+08:00,42,3cdf8a56c6538d535819d035c877f0df
2026-10-10T06:00:00+08:00,PATROL,L1-0001,BASELINE_TAMPER:CHAIN-001:JOB_READY.flag,PASS,expected=c359ab98 actual=c359ab98,2026-10-10T06:00:00+08:00,42,2674412d154fecee81342d54db202032
2026-10-10T06:00:00+08:00,PATROL,L1-0001,MTIME:ZN_RO,PASS,"scanned files=8 (slot mtime discipline, byte-compare authoritative)",2026-10-10T06:00:00+08:00,42,28ad2d3e1aa8c93a3c94d2e62f4e9c49
2026-10-10T06:00:00+08:00,PATROL,L1-0001,MTIME:NI_RO,PASS,"scanned files=8 (slot mtime discipline, byte-compare authoritative)",2026-10-10T06:00:00+08:00,42,6443b8de204442ca7e0a23973dc2d9c3
2026-10-10T06:00:00+08:00,PATROL,L1-0001,MTIME:SN_RO,PASS,"scanned files=8 (slot mtime discipline, byte-compare authoritative)",2026-10-10T06:00:00+08:00,42,8cfbc2afb9b3eca1f42e02abb1a377a7
2026-10-10T06:00:00+08:00,PATROL,L1-0001,MTIME:SI_RO,PASS,"scanned files=8 (slot mtime discipline, byte-compare authoritative)",2026-10-10T06:00:00+08:00,42,692bd967bca4e2a48e3724c4e2b68efc
2026-10-10T06:00:00+08:00,PATROL,L1-0001,MTIME:CHAIN_REPAIR,PASS,"scanned files=5 (slot mtime discipline, byte-compare authoritative)",2026-10-10T06:00:00+08:00,42,6b4fb1eed22d47365e45e7548eb528a3
2026-10-10T06:00:00+08:00,PATROL,L1-0001,PERMISSION:ZN:LOCK,PASS,locked=True no_overwrite=True,2026-10-10T06:00:00+08:00,42,005738b64ece7b14d89b77c56e2d447f
2026-10-10T06:00:00+08:00,PATROL,L1-0001,PERMISSION:NI:LOCK,PASS,locked=True no_overwrite=True,2026-10-10T06:00:00+08:00,42,151447e9d2347b26f41dd7e335dd684e
2026-10-10T06:00:00+08:00,PATROL,L1-0001,PERMISSION:SN:LOCK,PASS,locked=True no_overwrite=True,2026-10-10T06:00:00+08:00,42,d1cdcf3da6b0e23c78c69b4233cadc33
2026-10-10T06:00:00+08:00,PATROL,L1-0001,PERMISSION:SI:LOCK,PASS,locked=True no_overwrite=True,2026-10-10T06:00:00+08:00,42,b8dba887cb630c1100151ff24957cd8f
2026-10-10T06:00:00+08:00,PATROL,L1-0001,PERMISSION:ZN_RO:READONLY,PASS,ro=8/8,2026-10-10T06:00:00+08:00,42,a0685ebecaa0b1fa8c869e3297760864
2026-10-10T06:00:00+08:00,PATROL,L1-0001,CREATE_PROBE:9_TREES_SUMMARY,PASS,trees=9 residual_total=0 (0 残留 required),2026-10-10T06:00:00+08:00,42,4f562f42ff189e743e3a352f7c152b8f
2026-10-10T06:00:00+08:00,PATROL,L1-0001,CREATE_PROBE:v869_d_al_snapshot,PASS,create=True delete=True residual=0,2026-10-10T06:00:00+08:00,42,66dee0ed4c3bb43f9271800bc8191a9f
2026-10-10T06:00:00+08:00,PATROL,L1-0001,CREATE_PROBE:v869_d_al_snapshot_ro_backup,PASS,create=True delete=True residual=0,2026-10-10T06:00:00+08:00,42,e1fbe596c9e5f9f813f569c5c2fc7cd2
2026-10-10T06:00:00+08:00,PATROL,L1-0001,CREATE_PROBE:v869_al_release_delivery,PASS,create=True delete=True residual=0,2026-10-10T06:00:00+08:00,42,e84c4a0866b12ac67da2c53870a483a9
2026-10-10T06:00:00+08:00,PATROL,L1-0001,CREATE_PROBE:v869_d_cu_snapshot,PASS,create=True delete=True residual=0,2026-10-10T06:00:00+08:00,42,18691ea2a4b650b076e7e2601f75d910
2026-10-10T06:00:00+08:00,PATROL,L1-0001,CREATE_PROBE:v869_d_cu_snapshot_ro_backup,PASS,create=True delete=True residual=0,2026-10-10T06:00:00+08:00,42,0d6b092729ef4e39c37c505e4bb4363b
2026-10-10T06:00:00+08:00,PATROL,L1-0001,CREATE_PROBE:v869_cu_release_delivery,PASS,create=True delete=True residual=0,2026-10-10T06:00:00+08:00,42,51766db31856b5c411336ba95ab117b1
2026-10-10T06:00:00+08:00,PATROL,L1-0001,CREATE_PROBE:v869_d_pb_snapshot,PASS,create=True delete=True residual=0,2026-10-10T06:00:00+08:00,42,9b1bb4d972fd59619a8f8582edbde4a5
2026-10-10T06:00:00+08:00,PATROL,L1-0001,CREATE_PROBE:v869_d_pb_snapshot_ro_backup,PASS,create=True delete=True residual=0,2026-10-10T06:00:00+08:00,42,d8daeab628f29393b86b0697d25a1e14
2026-10-10T06:00:00+08:00,PATROL,L1-0001,CREATE_PROBE:v869_pb_release_delivery,PASS,create=True delete=True residual=0,2026-10-10T06:00:00+08:00,42,d80b5eef8021d325652304a294b550a6
2026-10-10T06:00:00+08:00,PATROL,L1-0001,POSITION_VERIFY:AL:REAL,PASS,overall=PASS rc=0 (gray OK sample),2026-10-10T06:00:00+08:00,42,b0b8b5121f8a7e22d24512370e234948
2026-10-10T06:00:00+08:00,PATROL,L1-0001,POSITION_VERIFY:CU:REAL,PASS,overall=PASS rc=0 (gray OK sample),2026-10-10T06:00:00+08:00,42,6060f1a9084dea7a125d2b561ebc234e
2026-10-10T06:00:00+08:00,PATROL,L1-0001,POSITION_VERIFY:PB:REAL,PASS,overall=PASS rc=0 (gray OK sample),2026-10-10T06:00:00+08:00,42,2d3e0a66f8c2a8eeca03bcadb23d60bb
2026-10-10T06:00:00+08:00,PATROL,L1-0001,DIFF_BINDING:RISK_CODE_27,PASS,C 实表数据行=27 (恒 27: DRI-011/ALIGN-012/SCHED-004),2026-10-10T06:00:00+08:00,42,c62ab3dff9b43ef7435abf99479d0433
2026-10-10T06:00:00+08:00,PATROL,L1-0001,DIFF_BINDING:A_SYN_MAPPING,PASS,A-SYN 映射行=39 (FR-RISK 20 + TD 19),2026-10-10T06:00:00+08:00,42,89bb4a62e490672ba1333d2c3dd523b5
2026-10-10T06:00:00+08:00,PATROL,L1-0001,DIFF_BINDING:K11,PASS,bound (baseline/threshold/alarm-id registered),2026-10-10T06:00:00+08:00,42,aec63d60bd10d168b0fc2bdd91c9bc00
2026-10-10T06:00:00+08:00,PATROL,L1-0001,DIFF_BINDING:K12,PASS,bound (baseline/threshold/alarm-id registered),2026-10-10T06:00:00+08:00,42,34a5b5df15b37cdaeb3d6d224dc4c59a
2026-10-10T06:00:00+08:00,PATROL,L1-0001,DIFF_BINDING:25vs27,PASS,bound (baseline/threshold/alarm-id registered),2026-10-10T06:00:00+08:00,42,40f4b150fa3d35069ce9f6b11f132e74
2026-10-10T06:00:00+08:00,PATROL,L1-0001,DIFF_BINDING:A_RATING,PASS,bound (baseline/threshold/alarm-id registered),2026-10-10T06:00:00+08:00,42,bf027c9699cf74cf786df86f7b3ea8bf
2026-10-10T06:00:00+08:00,PATROL,L1-0001,DIFF_BINDING:C_DEV,PASS,bound (baseline/threshold/alarm-id registered),2026-10-10T06:00:00+08:00,42,5dfb4cf132e51f25efd916bda3701ea0
2026-10-10T06:00:00+08:00,PATROL,L1-0001,DIFF_BINDING:PNL,PASS,bound (baseline/threshold/alarm-id registered),2026-10-10T06:00:00+08:00,42,4ffb2bb4eb81d352dd615962af745756
2026-10-10T06:00:00+08:00,PATROL,L1-0001,DIFF_BINDING:CHAIN_001,PASS,bound (baseline/threshold/alarm-id registered),2026-10-10T06:00:00+08:00,42,9ed10b600536f394bc1259041e05e2ba
2026-10-10T06:00:00+08:00,FR_RISK_RECEIVE,L1-0001,RECEIVE_SUMMARY,PASS,fr_risk_receive_log rows=9 RED=4 ORANGE=3 YELLOW=2 STOP_LINE=3 (501->ORANGE 强制映射生效),2026-10-10T06:00:00+08:00,42,2204a46b8e9f67744e59ce025fed386b
2026-10-10T06:00:00+08:00,PATROL,L1-0002,BASELINE_TAMPER:CHAIN-001-REPAIRED-1,PASS,4/4 match,2026-10-10T06:00:00+08:00,42,b4bf24d24ed219dadcf1b0a181d2576b
2026-10-10T06:00:00+08:00,PATROL,L1-0002,BASELINE_TAMPER:CHAIN-001:acd_v867df_full_run_result.csv,PASS,expected=bbf887d0 actual=bbf887d0,2026-10-10T06:00:00+08:00,42,26f5386e4c206d5a0cd2474a74138c85
2026-10-10T06:00:00+08:00,PATROL,L1-0002,BASELINE_TAMPER:CHAIN-001:acd_v867df_24exec_diff_verify.csv,PASS,expected=3156d823 actual=3156d823,2026-10-10T06:00:00+08:00,42,8a498124dc3f61128b4ce2aaeab8adf0
2026-10-10T06:00:00+08:00,PATROL,L1-0002,BASELINE_TAMPER:CHAIN-001:acd_v867df_delivery_manifest.md5,PASS,expected=1df98028 actual=1df98028,2026-10-10T06:00:00+08:00,42,7ed48f93a301f487f598a4a1951b3b5b
2026-10-10T06:00:00+08:00,PATROL,L1-0002,BASELINE_TAMPER:CHAIN-001:JOB_READY.flag,PASS,expected=c359ab98 actual=c359ab98,2026-10-10T06:00:00+08:00,42,3bb135ea0b04734a73b38fec4c892812
2026-10-10T06:00:00+08:00,PATROL,L1-0002,MTIME:ZN_RO,PASS,"scanned files=8 (slot mtime discipline, byte-compare authoritative)",2026-10-10T06:00:00+08:00,42,e6c057ffa9aa53652e664d9c7579dc83
2026-10-10T06:00:00+08:00,PATROL,L1-0002,MTIME:NI_RO,PASS,"scanned files=8 (slot mtime discipline, byte-compare authoritative)",2026-10-10T06:00:00+08:00,42,e3843b64d800c1de91e9b8743e859783
2026-10-10T06:00:00+08:00,PATROL,L1-0002,MTIME:SN_RO,PASS,"scanned files=8 (slot mtime discipline, byte-compare authoritative)",2026-10-10T06:00:00+08:00,42,735dac845a127d6fc9a78611cb469aaf
2026-10-10T06:00:00+08:00,PATROL,L1-0002,MTIME:SI_RO,PASS,"scanned files=8 (slot mtime discipline, byte-compare authoritative)",2026-10-10T06:00:00+08:00,42,1d9fdebc728a568fdcc61c7a6488e6fb
2026-10-10T06:00:00+08:00,PATROL,L1-0002,MTIME:CHAIN_REPAIR,PASS,"scanned files=5 (slot mtime discipline, byte-compare authoritative)",2026-10-10T06:00:00+08:00,42,3528698eff0be57f6fcc0af5e8a184b4
2026-10-10T06:00:00+08:00,PATROL,L1-0002,PERMISSION:ZN:LOCK,PASS,locked=True no_overwrite=True,2026-10-10T06:00:00+08:00,42,78b840455c87f01e26668b295f821490
2026-10-10T06:00:00+08:00,PATROL,L1-0002,PERMISSION:NI:LOCK,PASS,locked=True no_overwrite=True,2026-10-10T06:00:00+08:00,42,d8fbdc4ac8a207fb80a869e80564fb46
2026-10-10T06:00:00+08:00,PATROL,L1-0002,PERMISSION:SN:LOCK,PASS,locked=True no_overwrite=True,2026-10-10T06:00:00+08:00,42,baa15635d62c6e8771860bf4217709a6
2026-10-10T06:00:00+08:00,PATROL,L1-0002,PERMISSION:SI:LOCK,PASS,locked=True no_overwrite=True,2026-10-10T06:00:00+08:00,42,534e6827847a9ffc13768e1a0e1c968f
2026-10-10T06:00:00+08:00,PATROL,L1-0002,PERMISSION:ZN_RO:READONLY,PASS,ro=8/8,2026-10-10T06:00:00+08:00,42,ad54e072957d71b0ca04a4f063615c64
2026-10-10T06:00:00+08:00,PATROL,L1-0002,CREATE_PROBE:9_TREES_SUMMARY,PASS,trees=9 residual_total=0 (0 残留 required),2026-10-10T06:00:00+08:00,42,ab3ddef8c49617e23e3ff7f0692b6c7e
2026-10-10T06:00:00+08:00,PATROL,L1-0002,CREATE_PROBE:v869_d_al_snapshot,PASS,create=True delete=True residual=0,2026-10-10T06:00:00+08:00,42,5c98c5732487451e461bde8ff33ec4df
2026-10-10T06:00:00+08:00,PATROL,L1-0002,CREATE_PROBE:v869_d_al_snapshot_ro_backup,PASS,create=True delete=True residual=0,2026-10-10T06:00:00+08:00,42,ff9190bb6c487004c5a23031b1bba226
2026-10-10T06:00:00+08:00,PATROL,L1-0002,CREATE_PROBE:v869_al_release_delivery,PASS,create=True delete=True residual=0,2026-10-10T06:00:00+08:00,42,5c4a63ae06853363d27376481673873e
2026-10-10T06:00:00+08:00,PATROL,L1-0002,CREATE_PROBE:v869_d_cu_snapshot,PASS,create=True delete=True residual=0,2026-10-10T06:00:00+08:00,42,4d3f6ff2becb35d574e3e7fbfc8201eb
2026-10-10T06:00:00+08:00,PATROL,L1-0002,CREATE_PROBE:v869_d_cu_snapshot_ro_backup,PASS,create=True delete=True residual=0,2026-10-10T06:00:00+08:00,42,54b68c57d365b552e0355df7fd8c10aa
2026-10-10T06:00:00+08:00,PATROL,L1-0002,CREATE_PROBE:v869_cu_release_delivery,PASS,create=True delete=True residual=0,2026-10-10T06:00:00+08:00,42,955d031e4c9a5fd5d8de729d20a9cc51
2026-10-10T06:00:00+08:00,PATROL,L1-0002,CREATE_PROBE:v869_d_pb_snapshot,PASS,create=True delete=True residual=0,2026-10-10T06:00:00+08:00,42,c842110ae68664b0d0d9625067552d57
2026-10-10T06:00:00+08:00,PATROL,L1-0002,CREATE_PROBE:v869_d_pb_snapshot_ro_backup,PASS,create=True delete=True residual=0,2026-10-10T06:00:00+08:00,42,d0a7d88c1943fc0875efcca864ace275
2026-10-10T06:00:00+08:00,PATROL,L1-0002,CREATE_PROBE:v869_pb_release_delivery,PASS,create=True delete=True residual=0,2026-10-10T06:00:00+08:00,42,d3d400aaa03a946e2bf0557d11d7bc80
2026-10-10T06:00:00+08:00,PATROL,L1-0002,POSITION_VERIFY:AL:REAL,PASS,overall=PASS rc=0 (gray OK sample),2026-10-10T06:00:00+08:00,42,0a856432592b826ec8d6a51207ef17f9
2026-10-10T06:00:00+08:00,PATROL,L1-0002,POSITION_VERIFY:CU:REAL,PASS,overall=PASS rc=0 (gray OK sample),2026-10-10T06:00:00+08:00,42,79ace0d899ea5df7c1ff68542ff4f6c6
2026-10-10T06:00:00+08:00,PATROL,L1-0002,POSITION_VERIFY:PB:REAL,PASS,overall=PASS rc=0 (gray OK sample),2026-10-10T06:00:00+08:00,42,26eb80e0ecd90b10e6d5770620c8ca35
2026-10-10T06:00:00+08:00,PATROL,L1-0002,DIFF_BINDING:RISK_CODE_27,PASS,C 实表数据行=27 (恒 27: DRI-011/ALIGN-012/SCHED-004),2026-10-10T06:00:00+08:00,42,72ad0cc5a1f92f7af6d9d08e1590b6cb
2026-10-10T06:00:00+08:00,PATROL,L1-0002,DIFF_BINDING:A_SYN_MAPPING,PASS,A-SYN 映射行=39 (FR-RISK 20 + TD 19),2026-10-10T06:00:00+08:00,42,97fe546717ff7c031c1ce3eef12e557f
2026-10-10T06:00:00+08:00,PATROL,L1-0002,DIFF_BINDING:K11,PASS,bound (baseline/threshold/alarm-id registered),2026-10-10T06:00:00+08:00,42,9d9eba809020318b55f3b3fe27f353fb
2026-10-10T06:00:00+08:00,PATROL,L1-0002,DIFF_BINDING:K12,PASS,bound (baseline/threshold/alarm-id registered),2026-10-10T06:00:00+08:00,42,146aafa51ab0decd2dd48985c5655d50
2026-10-10T06:00:00+08:00,PATROL,L1-0002,DIFF_BINDING:25vs27,PASS,bound (baseline/threshold/alarm-id registered),2026-10-10T06:00:00+08:00,42,5ffde679f486711e99b0c012b733b4a1
2026-10-10T06:00:00+08:00,PATROL,L1-0002,DIFF_BINDING:A_RATING,PASS,bound (baseline/threshold/alarm-id registered),2026-10-10T06:00:00+08:00,42,a7360ec111c4f28afc00c41e73e5aadc
2026-10-10T06:00:00+08:00,PATROL,L1-0002,DIFF_BINDING:C_DEV,PASS,bound (baseline/threshold/alarm-id registered),2026-10-10T06:00:00+08:00,42,65b476a43116c4cc15799614d12f2260
2026-10-10T06:00:00+08:00,PATROL,L1-0002,DIFF_BINDING:PNL,PASS,bound (baseline/threshold/alarm-id registered),2026-10-10T06:00:00+08:00,42,c5806d43576b7f4982a8857ffd9460b0
2026-10-10T06:00:00+08:00,PATROL,L1-0002,DIFF_BINDING:CHAIN_001,PASS,bound (baseline/threshold/alarm-id registered),2026-10-10T06:00:00+08:00,42,0dcd01ee7cb72c625b5702d22e73e6b8
2026-10-10T06:00:00+08:00,FR_RISK_RECEIVE,L1-0002,RECEIVE_SUMMARY,PASS,fr_risk_receive_log rows=9 RED=4 ORANGE=3 YELLOW=2 STOP_LINE=3 (501->ORANGE 强制映射生效),2026-10-10T06:00:00+08:00,42,b80df47a80097694dcd97ef7728c22fe
2026-10-10T06:00:00+08:00,J22_RECHECK,L1-0001,RISK_CODE_27,PASS,C 实表数据行=27 (恒 27: DRI-011/ALIGN-012/SCHED-004; 台账续记 append-only),2026-10-10T06:00:00+08:00,42,c3d765821692d2259633a3e405683a83
2026-10-10T06:00:00+08:00,J22_RECHECK,L1-0001,A_SYN_MAPPING,PASS,A-SYN 映射行=39 (FR-RISK 20 + TD 19; 历史行禁止改写),2026-10-10T06:00:00+08:00,42,e3a12236bf8aa94b1f6da0ff695901b8
2026-10-10T06:00:00+08:00,J22_RECHECK,L1-0001,25VS27_NOTE,PASS,"25 vs 27 = 严重度汇总注记 vs 编码明细行数, 非数据缺陷; 上游台账 v869d_final_debug_ledger.md 只读零改动",2026-10-10T06:00:00+08:00,42,1ba2f183e13eb5f697c9bdcb7cb0c50a
2026-10-10T06:00:00+08:00,ROTATION_CHECK,L1-0001,ACTIVE_VOL,PASS,"active volume 0001, max_rows=74 (<1000, ME-04 轮转阈值未触发)",2026-10-10T06:00:00+08:00,42,f5b68ce43d58563f2ab85b170aef51e2
2026-10-10T06:00:00+08:00,ROTATION_CHECK,L1-0001,OLD_VOL_RO,PASS,log_volumes 旧卷 csv=1 ro=1/1 (旧卷 RO 锁定检查),2026-10-10T06:00:00+08:00,42,f5a98596874eee6d16d6411929c4fb6d
2026-10-10T06:00:00+08:00,ROTATION_CHECK,L1-0001,APPEND_ONLY,PASS,5 个审计日志全部只追加 + record_md5 (R6); counts=v869_d_alcupb_gray_patrol_result.csv=74;v869_d_alcupb_gray_alarm_log.csv=8;position_verify_result_alcupb.csv=36;position_verify_audit_log_alcupb.csv=36;fr_risk_receive_log.csv=9,2026-10-10T06:00:00+08:00,42,e9a637c673a261b4f821c8dfd1e4253a
2026-10-10T06:00:00+08:00,FROZEN_GATE,L1-0001,TRIGGER_DISABLED_8,PASS,8 组投产触发器禁用=8 (配置只读引用),2026-10-10T06:00:00+08:00,42,1603ddd88238411afd10c779134d58fc
2026-10-10T06:00:00+08:00,FROZEN_GATE,L1-0001,LOCK_4_SYMS,PASS,ZN/NI/SN/SI 版本锁 LOCKED+NO_OVERWRITE = 4/4 (只读完整性),2026-10-10T06:00:00+08:00,42,5395f4496132f57167a5dd3d9455de91
2026-10-10T06:00:00+08:00,FROZEN_GATE,L1-0001,PROD_ALARM_ZERO,PASS,冻结品种投产类告警计数=0 (禁用组告警族 ∩ 冻结品种词边界; 要求 0; 保留族=7),2026-10-10T06:00:00+08:00,42,0148acc691aae1e50f6e50df85782446
2026-10-10T06:30:00+08:00,WEEKLY_VERIFY,L1-W01,CHAIN_4FILES,PASS,CHAIN-001-REPAIRED-1 4/4 byte-identical (周快照),2026-10-10T06:30:00+08:00,42,0f2d4bc68df4d7b4377c62405b588a22
2026-10-10T06:30:00+08:00,WEEKLY_VERIFY,L1-W01,FROZEN_LOCKS_4,PASS,ZN=c5da7491; NI=d214d54f; SN=3086e197; SI=fa9da924 (周快照锚点),2026-10-10T06:30:00+08:00,42,9d67f59ab2c1e6b702a7956835c9e277
2026-10-10T06:30:00+08:00,WEEKLY_VERIFY,L1-W01,AUDIT_ROWCOUNTS,PASS,v869_d_alcupb_gray_patrol_result.csv=74; v869_d_alcupb_gray_alarm_log.csv=8; position_verify_result_alcupb.csv=36; position_verify_audit_log_alcupb.csv=36; fr_risk_receive_log.csv=9 (只追加),2026-10-10T06:30:00+08:00,42,64b2c4c77f13bb96f3c5fa42ca83eb21
2026-10-10T06:30:00+08:00,WEEKLY_VERIFY,L1-W01,ENGINE_CONSISTENCY,PASS,patrol engine check_chain001 -> PASS,2026-10-10T06:30:00+08:00,42,6410b2976e48090134ba3d558e664146
