run_id,sym,mode,check_id,rule,status,level,alarm_prefix,detail,fixed_slot,seed
c95bf8bdae4b,AL,real,CHECK-1-CONTRACT_SIZE,R04/K11,PASS,CRITICAL,ALARM-R04-K11-,ref=mult5 size5 sample=1 bad=0,2026-10-10T04:00:00+08:00,42
c95bf8bdae4b,AL,real,CHECK-2-LIMIT,R02/K12,PASS,CRITICAL,ALARM-R02-K12-,"A normal/ext=5.0/8.0, C table=5.0/8.0 evt_sample=1 evt_bad=0 dual_track_ok=True",2026-10-10T04:00:00+08:00,42
c95bf8bdae4b,AL,real,CHECK-3-POSITION_PATH,L-05/V87-04,PASS,CRITICAL,ALARM-POS-,REAL: pos_positive=1 roll_error=0,2026-10-10T04:00:00+08:00,42
5d9245d5a9ca,CU,real,CHECK-1-CONTRACT_SIZE,R04/K11,PASS,CRITICAL,ALARM-R04-K11-,ref=mult5 size5 sample=1 bad=0,2026-10-10T04:00:00+08:00,42
5d9245d5a9ca,CU,real,CHECK-2-LIMIT,R02/K12,PASS,CRITICAL,ALARM-R02-K12-,"A normal/ext=6.0/9.0, C table=6.0/9.0 evt_sample=1 evt_bad=0 dual_track_ok=True",2026-10-10T04:00:00+08:00,42
5d9245d5a9ca,CU,real,CHECK-3-POSITION_PATH,L-05/V87-04,PASS,CRITICAL,ALARM-POS-,REAL: pos_positive=1 roll_error=0,2026-10-10T04:00:00+08:00,42
05dbd05b42f7,PB,real,CHECK-1-CONTRACT_SIZE,R04/K11,PASS,CRITICAL,ALARM-R04-K11-,ref=mult5 size5 sample=1 bad=0,2026-10-10T04:00:00+08:00,42
05dbd05b42f7,PB,real,CHECK-2-LIMIT,R02/K12,PASS,CRITICAL,ALARM-R02-K12-,"A normal/ext=5.0/8.0, C table=5.0/8.0 evt_sample=1 evt_bad=0 dual_track_ok=True",2026-10-10T04:00:00+08:00,42
05dbd05b42f7,PB,real,CHECK-3-POSITION_PATH,L-05/V87-04,PASS,CRITICAL,ALARM-POS-,REAL: pos_positive=1 roll_error=0,2026-10-10T04:00:00+08:00,42
c95bf8bdae4b,AL,real,CHECK-1-CONTRACT_SIZE,R04/K11,FAIL,CRITICAL,ALARM-R04-K11-,ref=mult5 size5 sample=1 bad=1 mismatches=DIFF-004:F39=3.0 F40=3.0,2026-10-10T04:00:00+08:00,42
c95bf8bdae4b,AL,real,CHECK-2-LIMIT,R02/K12,PASS,CRITICAL,ALARM-R02-K12-,"A normal/ext=5.0/8.0, C table=5.0/8.0 evt_sample=1 evt_bad=0 dual_track_ok=True",2026-10-10T04:00:00+08:00,42
c95bf8bdae4b,AL,real,CHECK-3-POSITION_PATH,L-05/V87-04,PASS,CRITICAL,ALARM-POS-,REAL: pos_positive=1 roll_error=0,2026-10-10T04:00:00+08:00,42
5d9245d5a9ca,CU,real,CHECK-1-CONTRACT_SIZE,R04/K11,PASS,CRITICAL,ALARM-R04-K11-,ref=mult5 size5 sample=1 bad=0,2026-10-10T04:00:00+08:00,42
5d9245d5a9ca,CU,real,CHECK-2-LIMIT,R02/K12,PASS,CRITICAL,ALARM-R02-K12-,"A normal/ext=6.0/9.0, C table=6.0/9.0 evt_sample=1 evt_bad=0 dual_track_ok=True",2026-10-10T04:00:00+08:00,42
5d9245d5a9ca,CU,real,CHECK-3-POSITION_PATH,L-05/V87-04,FAIL,CRITICAL,ALARM-POS-,REAL: pos_positive=0 (投产硬门未过); total=1 rejected=1 accepted=0 roll_error=0,2026-10-10T04:00:00+08:00,42
8a53e7b35056,PB,offline,CHECK-1-CONTRACT_SIZE,R04/K11,PASS,CRITICAL,ALARM-R04-K11-,ref=mult5 size5 sample=1 bad=0,2026-10-10T04:00:00+08:00,42
8a53e7b35056,PB,offline,CHECK-2-LIMIT,R02/K12,PASS,CRITICAL,ALARM-R02-K12-,"A normal/ext=5.0/8.0, C table=5.0/8.0 evt_sample=1 evt_bad=0 dual_track_ok=True",2026-10-10T04:00:00+08:00,42
8a53e7b35056,PB,offline,CHECK-3-POSITION_PATH,L-05/V87-04,PENDING_VALIDATION,INFO,ALARM-POS-,OFFLINE: 全 REJECT (RISK-01/02 已知; 灰度接入须 real 复验),2026-10-10T04:00:00+08:00,42
559e690b238a,AL,real,CHECK-1-CONTRACT_SIZE,R04/K11,PASS,CRITICAL,ALARM-R04-K11-,ref=mult5 size5 sample=1 bad=0,2026-10-10T04:00:00+08:00,42
559e690b238a,AL,real,CHECK-2-LIMIT,R02/K12,PASS,CRITICAL,ALARM-R02-K12-,"A normal/ext=5.0/8.0, C table=5.0/8.0 evt_sample=1 evt_bad=0 dual_track_ok=True",2026-10-10T04:00:00+08:00,42
559e690b238a,AL,real,CHECK-3-POSITION_PATH,L-05/V87-04,PASS,CRITICAL,ALARM-POS-,REAL: pos_positive=1 roll_error=0,2026-10-10T04:00:00+08:00,42
843d86f01e2a,CU,real,CHECK-1-CONTRACT_SIZE,R04/K11,PASS,CRITICAL,ALARM-R04-K11-,ref=mult5 size5 sample=1 bad=0,2026-10-10T04:00:00+08:00,42
843d86f01e2a,CU,real,CHECK-2-LIMIT,R02/K12,PASS,CRITICAL,ALARM-R02-K12-,"A normal/ext=6.0/9.0, C table=6.0/9.0 evt_sample=1 evt_bad=0 dual_track_ok=True",2026-10-10T04:00:00+08:00,42
843d86f01e2a,CU,real,CHECK-3-POSITION_PATH,L-05/V87-04,PASS,CRITICAL,ALARM-POS-,REAL: pos_positive=1 roll_error=0,2026-10-10T04:00:00+08:00,42
85f92ec22afd,PB,real,CHECK-1-CONTRACT_SIZE,R04/K11,PASS,CRITICAL,ALARM-R04-K11-,ref=mult5 size5 sample=1 bad=0,2026-10-10T04:00:00+08:00,42
85f92ec22afd,PB,real,CHECK-2-LIMIT,R02/K12,PASS,CRITICAL,ALARM-R02-K12-,"A normal/ext=5.0/8.0, C table=5.0/8.0 evt_sample=1 evt_bad=0 dual_track_ok=True",2026-10-10T04:00:00+08:00,42
85f92ec22afd,PB,real,CHECK-3-POSITION_PATH,L-05/V87-04,PASS,CRITICAL,ALARM-POS-,REAL: pos_positive=1 roll_error=0,2026-10-10T04:00:00+08:00,42
3dafbb564737,AL,real,CHECK-1-CONTRACT_SIZE,R04/K11,FAIL,CRITICAL,ALARM-R04-K11-,ref=mult5 size5 sample=1 bad=1 mismatches=G-101:F39=3.0 F40=3.0,2026-10-10T04:00:00+08:00,42
3dafbb564737,AL,real,CHECK-2-LIMIT,R02/K12,PASS,CRITICAL,ALARM-R02-K12-,"A normal/ext=5.0/8.0, C table=5.0/8.0 evt_sample=1 evt_bad=0 dual_track_ok=True",2026-10-10T04:00:00+08:00,42
3dafbb564737,AL,real,CHECK-3-POSITION_PATH,L-05/V87-04,PASS,CRITICAL,ALARM-POS-,REAL: pos_positive=1 roll_error=0,2026-10-10T04:00:00+08:00,42
432004d044c3,AL,real,CHECK-1-CONTRACT_SIZE,R04/K11,FAIL,CRITICAL,ALARM-R04-K11-,ref=mult5 size5 sample=1 bad=1 mismatches=G-101:F39=3.0 F40=3.0,2026-10-10T04:00:00+08:00,42
432004d044c3,AL,real,CHECK-2-LIMIT,R02/K12,PASS,CRITICAL,ALARM-R02-K12-,"A normal/ext=5.0/8.0, C table=5.0/8.0 evt_sample=1 evt_bad=0 dual_track_ok=True",2026-10-10T04:00:00+08:00,42
432004d044c3,AL,real,CHECK-3-POSITION_PATH,L-05/V87-04,PASS,CRITICAL,ALARM-POS-,REAL: pos_positive=1 roll_error=0,2026-10-10T04:00:00+08:00,42
50cb1ccd300a,CU,real,CHECK-1-CONTRACT_SIZE,R04/K11,PASS,CRITICAL,ALARM-R04-K11-,ref=mult5 size5 sample=1 bad=0,2026-10-10T04:00:00+08:00,42
50cb1ccd300a,CU,real,CHECK-2-LIMIT,R02/K12,PASS,CRITICAL,ALARM-R02-K12-,"A normal/ext=6.0/9.0, C table=6.0/9.0 evt_sample=1 evt_bad=0 dual_track_ok=True",2026-10-10T04:00:00+08:00,42
50cb1ccd300a,CU,real,CHECK-3-POSITION_PATH,L-05/V87-04,FAIL,CRITICAL,ALARM-POS-,REAL: pos_positive=0 (投产硬门未过); total=2 rejected=2 accepted=0 roll_error=0,2026-10-10T04:00:00+08:00,42
